-0.494939,-0.955144,0.746504,0.274137,0.631828,0.009115,0.307731,0.237049,-0.155454,0.049556,0.221573,0.182173,
-0.480539,-1.000317,0.847916,0.305157,0.661079,0.072942,0.340306,0.189666,-0.108312,0.098575,0.182902,0.193340,
-0.517912,-0.854740,0.766856,0.306397,0.651990,-0.053396,0.347960,0.245347,-0.050423,0.019274,0.140612,0.160272,
-0.426097,-0.802203,0.685457,0.308827,0.624268,-0.169692,0.369186,0.326384,-0.048743,-0.035451,0.119390,0.137992,
-0.321901,-0.713117,0.526394,0.339371,0.719180,-0.134850,0.355266,0.250199,0.068504,0.006211,0.040330,0.101555,
-0.224650,-0.707693,0.450037,0.307250,0.782487,-0.061113,0.328781,0.253214,0.080331,-0.043741,0.039209,0.189327,
-0.027242,-0.851346,0.549073,0.298056,0.741015,0.072576,0.303976,0.328267,0.051386,-0.152892,0.141376,0.280386,
0.050456,-0.814360,0.599143,0.208123,0.789146,0.121874,0.276398,0.311218,0.030530,-0.071338,0.103865,0.265960,
0.142384,-0.796664,0.609485,0.130402,0.765315,0.138917,0.270031,0.331454,-0.037774,-0.048606,0.051409,0.274288,
0.373861,-0.735243,0.498853,0.143843,0.798537,0.148135,0.280837,0.266430,-0.031758,0.018605,0.032569,0.249881,
0.501247,-0.628210,0.451009,0.149340,0.752311,0.170079,0.314827,0.230729,0.074044,-0.021654,-0.015972,0.258511,
0.506338,-0.568765,0.367058,0.157586,0.741129,0.298802,0.316293,0.092207,0.133280,-0.056294,0.116508,0.256531,
0.569811,-0.567799,0.277330,0.171221,0.756797,0.359031,0.370737,0.017903,0.100732,0.004280,0.189746,0.208623,
0.566722,-0.553734,0.266563,0.189643,0.767839,0.286970,0.422406,0.092662,0.035687,0.019054,0.134949,0.206173,
0.695304,-0.428251,0.115218,0.123718,0.887312,0.205285,0.447844,0.201052,-0.029983,-0.015092,0.104070,0.255217,
0.849409,-0.391751,0.032364,0.000252,0.936521,0.303924,0.416584,0.207537,-0.050541,-0.022215,0.139179,0.228842,
1.007833,-0.332926,-0.034094,-0.108729,0.964158,0.446620,0.350606,0.163212,-0.034267,0.008537,0.141891,0.179798,
1.006419,-0.122222,-0.153492,-0.104211,1.001585,0.389869,0.382202,0.075504,0.095476,-0.025495,0.099818,0.182055,
1.014913,0.065058,-0.299987,-0.200112,1.121203,0.449098,0.337929,0.020035,0.069155,-0.022009,0.200966,0.100470,
1.069936,0.099060,-0.332684,-0.227590,1.135789,0.525402,0.315460,-0.034647,0.038552,-0.016106,0.250670,0.103806,
1.247257,-0.058160,-0.247586,-0.189129,1.080144,0.583069,0.281590,-0.038163,-0.025858,0.072084,0.180039,0.160112,
1.374262,-0.126880,-0.152876,-0.214563,1.099829,0.553480,0.281976,-0.038015,-0.067061,0.155489,0.101810,0.176987,
1.307297,-0.003628,-0.273352,-0.226800,1.129065,0.598831,0.173211,0.002702,-0.001138,0.039519,0.244020,0.068063,
1.330588,0.074962,-0.353873,-0.244845,1.173004,0.555896,0.179499,-0.002755,0.014783,0.030197,0.265083,0.030124,
1.389741,0.079016,-0.367068,-0.260805,1.181749,0.508423,0.228036,0.003164,-0.024129,0.072377,0.197005,0.063619,
1.262935,-0.013893,-0.278034,-0.211879,1.114286,0.579545,0.190702,0.025122,-0.055887,0.050261,0.222381,0.069503,
1.293175,-0.085094,-0.172086,-0.247711,1.101835,0.614834,0.168624,0.006994,-0.048596,0.044545,0.217425,0.102117,
1.329282,-0.094588,-0.168680,-0.193702,1.057564,0.632404,0.143631,0.017013,-0.048099,0.051581,0.211185,0.080947,
1.326267,-0.113818,-0.122750,-0.167206,1.051527,0.600879,0.191462,-0.026980,-0.059497,0.107710,0.148984,0.115436,
1.313037,-0.156732,-0.097059,-0.148888,1.031925,0.585827,0.264684,-0.102672,-0.047256,0.136193,0.099357,0.181774,
1.196145,-0.100961,-0.181397,-0.185338,1.054399,0.618743,0.176139,-0.017852,-0.022505,0.024430,0.205907,0.102716,
1.252227,-0.172184,-0.107104,-0.149608,0.995700,0.636494,0.183198,-0.001195,-0.085935,0.088903,0.166445,0.104340,
1.221621,-0.103837,-0.211629,-0.063470,0.949552,0.616236,0.269641,-0.097940,-0.015326,0.064852,0.148012,0.150695,
1.192776,-0.033119,-0.268762,-0.082951,0.967192,0.617038,0.295753,-0.173428,0.085242,-0.015732,0.187890,0.165315,
1.119164,-0.056904,-0.146265,-0.126403,0.978216,0.632155,0.260076,-0.161465,0.060811,0.026961,0.162940,0.186706,
1.178670,-0.096691,-0.119374,-0.061043,0.918334,0.635614,0.314578,-0.245647,0.076007,0.083864,0.109975,0.216580,
1.195238,-0.096999,-0.151489,-0.046737,0.921043,0.624902,0.316476,-0.256031,0.092561,0.074162,0.129862,0.207657,
1.208869,-0.065654,-0.170666,-0.054173,0.947220,0.612277,0.302027,-0.257462,0.106276,0.059654,0.153185,0.203092,
1.229443,0.003843,-0.164540,0.014766,0.913420,0.601633,0.327263,-0.311425,0.125925,0.069304,0.149452,0.205763,
1.187089,0.049792,-0.055301,-0.059414,0.977256,0.596159,0.240593,-0.257010,0.130923,0.061473,0.168372,0.218574,
1.219480,-0.003474,0.033079,0.026693,0.909094,0.574657,0.229287,-0.255111,0.153857,0.114773,0.117511,0.201296,
1.289063,-0.032140,0.087685,0.137391,0.840299,0.560975,0.272717,-0.275353,0.128446,0.187749,0.060535,0.173762,
1.406648,-0.032214,0.145131,0.189152,0.838387,0.579314,0.350396,-0.274035,0.014162,0.251137,0.024316,0.173891,
1.459584,0.024298,0.164307,0.230805,0.824567,0.571814,0.448126,-0.265049,-0.093725,0.298739,0.030500,0.173006,
1.441711,0.154652,0.135347,0.316140,0.775164,0.549795,0.523856,-0.279775,-0.068751,0.264033,0.042581,0.181203,
1.427760,0.326056,0.183967,0.300543,0.714482,0.556122,0.484530,-0.196771,-0.013219,0.167634,0.036837,0.186237,
1.596394,0.409233,0.377237,0.093080,0.737983,0.546727,0.341072,0.064316,0.020538,0.082504,0.008161,0.133916,
1.680896,0.477043,0.506725,-0.067865,0.779847,0.472839,0.273228,0.196294,0.038340,-0.013202,0.065638,0.140907,
1.596182,0.634162,0.337374,-0.066892,0.904464,0.438149,0.306250,0.053772,0.090607,-0.049139,0.140019,0.197693,
1.567065,0.621270,0.322047,-0.010124,0.780685,0.493191,0.285295,0.091256,0.067952,-0.071414,0.151308,0.163977,
1.784061,0.594925,0.390823,-0.139777,0.802109,0.510684,0.233852,0.176505,0.013643,-0.101548,0.157301,0.150963,
1.851970,0.597526,0.271167,-0.119272,0.803217,0.516526,0.313109,0.064204,0.036992,-0.052634,0.124287,0.201625,
1.879088,0.617891,0.251162,-0.147682,0.906391,0.508162,0.324632,0.035604,-0.018592,0.027840,0.137053,0.215222,
1.719036,0.611998,0.175465,-0.045421,0.740420,0.577166,0.319910,0.092524,-0.025874,0.009656,0.144530,0.174310,
1.943017,0.577326,0.188481,-0.174431,0.848662,0.657807,0.249892,0.124583,0.006423,-0.069599,0.205341,0.161616,
1.970393,0.523767,0.166369,-0.134165,0.853051,0.698120,0.201670,0.155821,-0.015140,-0.053216,0.232871,0.140115,
1.986742,0.596601,0.085199,-0.147217,0.873398,0.639749,0.349124,0.065185,-0.016392,-0.012637,0.181465,0.210072,
1.845310,0.646661,0.043593,0.019216,0.776432,0.596313,0.445869,0.019817,0.010831,0.008445,0.140337,0.230748,
1.852317,0.640179,0.117829,-0.005141,0.933275,0.560736,0.368714,0.027446,0.039473,0.004574,0.164178,0.211635,
1.889199,0.583039,0.095516,0.100721,0.833626,0.577739,0.425464,0.068328,-0.033084,0.075152,0.115445,0.208810,
1.877274,0.660107,0.054162,0.131808,0.809201,0.628024,0.483894,0.012279,0.010679,0.053421,0.127273,0.221915,
1.871536,0.695383,0.102097,-0.011366,0.989627,0.654897,0.470113,0.016866,0.024244,0.049399,0.154976,0.246004,
1.708545,0.666445,0.206364,-0.016335,0.928410,0.645659,0.487299,0.025415,0.035758,0.080783,0.110251,0.273983,
1.617212,0.648481,0.204524,0.059330,0.797318,0.608011,0.505765,0.021285,0.041236,0.089288,0.076184,0.260897,
1.622730,0.638916,0.170570,0.150406,0.771987,0.627141,0.541639,-0.039946,0.080016,0.090106,0.081286,0.255402,
1.744621,0.723903,0.128716,0.145744,0.898368,0.614029,0.603814,-0.073118,0.089289,0.086256,0.106503,0.287893,
1.567409,0.786384,0.311359,0.186779,0.772039,0.526028,0.497074,0.083845,0.063308,0.009205,0.102083,0.224428,
1.460420,0.740020,0.415306,0.184538,0.755540,0.507499,0.470812,0.088877,0.098291,-0.021007,0.130385,0.227895,
1.279126,0.753359,0.534081,0.197383,0.911157,0.434288,0.387265,0.059916,0.163785,0.015752,0.217833,0.219387,
1.234378,0.734997,0.521277,0.294953,0.899902,0.451369,0.342346,0.085238,0.220134,-0.019465,0.252882,0.176129,
1.387341,0.711187,0.428682,0.298164,0.726164,0.519816,0.358209,0.100209,0.284391,-0.040935,0.147749,0.161273,
1.422978,0.543476,0.455381,0.338692,0.734953,0.474932,0.380567,0.079143,0.208767,-0.023028,0.132011,0.207012,
1.303432,0.501026,0.522336,0.316895,0.662714,0.348887,0.433486,-0.017672,0.117481,-0.036121,0.213675,0.232233,
1.257877,0.254094,0.519544,0.310160,0.651610,0.219598,0.356558,0.023192,0.105241,-0.182056,0.170342,0.281669,
1.191856,0.168640,0.544666,0.233554,0.614815,0.254019,0.310326,0.149603,0.150381,-0.174879,0.089320,0.258350,
1.324240,0.077497,0.565127,0.107257,0.558407,0.233779,0.324696,0.152125,0.186518,-0.022240,0.090406,0.281700,
1.357514,0.122173,0.516086,0.084208,0.611242,0.211418,0.316374,0.070089,0.118846,0.151402,0.114142,0.231485,
1.245851,0.116154,0.491735,0.143989,0.631645,0.286017,0.344049,0.084986,0.118367,0.090907,0.110487,0.231822,
1.215473,0.086632,0.741905,0.172523,0.533411,0.315890,0.295377,0.172294,0.056208,0.001785,0.094968,0.182886,
0.777305,-0.045782,0.893566,0.166830,0.437976,0.256871,0.300974,0.177509,0.064016,0.042484,0.103072,0.155509,
0.241542,-0.319555,0.911135,0.125226,0.401545,0.185777,0.276571,0.203691,0.158632,0.081830,0.072935,0.059758,
-0.240464,-0.226536,0.911872,0.140378,0.411672,0.173930,0.295372,0.191799,0.211742,0.010445,0.080039,0.067853,
-0.787773,-0.065605,1.084704,0.108013,0.334627,0.233735,0.277062,0.190199,0.241433,-0.051510,0.120369,0.118934,
-0.918656,-0.031762,1.176761,-0.039909,0.311864,0.206338,0.310801,0.215793,0.150342,-0.011567,0.104318,0.091593,
-1.017094,-0.060248,1.190513,-0.079632,0.291783,0.322686,0.238181,0.096034,0.154095,-0.001758,0.080433,0.042710,
-0.985403,-0.053750,1.114801,-0.081681,0.212118,0.299990,0.272658,0.080747,0.130893,-0.024824,0.073415,-0.014124,
-0.857269,-0.089061,1.000868,-0.120605,0.125704,0.142036,0.344405,0.103958,0.162005,-0.077281,0.048969,-0.051927,
-0.933015,-0.197374,1.072993,-0.159459,0.060866,0.112187,0.267279,0.164040,0.118524,-0.114290,0.078741,0.016604,
-0.844977,-0.411944,0.919120,-0.289983,-0.027423,0.040021,0.232671,0.231648,0.058720,-0.009077,0.067648,-0.011082,
-0.708643,-0.467837,0.711991,-0.366895,-0.086956,0.094464,0.140369,0.190747,0.279708,0.083743,0.043548,-0.050347,
-0.508805,-0.487343,0.830291,-0.347227,-0.192280,0.067808,0.189794,0.147501,0.307638,0.059273,-0.008683,0.017126,
-0.556470,-0.505952,0.799690,-0.306851,-0.293812,0.053274,0.221218,0.094281,0.351001,0.076596,-0.020980,0.037485,
-0.614229,-0.416930,0.785912,-0.391326,-0.173428,-0.055764,0.135547,0.101351,0.370350,0.031197,-0.042907,0.057939,
-0.609924,-0.414501,0.756942,-0.368240,-0.140703,-0.142609,0.097141,0.066557,0.311236,-0.024545,-0.110001,0.057093,
-0.500745,-0.398634,0.692722,-0.257820,-0.240661,-0.121325,0.183312,0.033888,0.238947,-0.037877,-0.027653,0.009745,
-0.570193,-0.438189,0.710652,-0.119712,-0.230488,-0.005905,0.152580,-0.099357,0.288590,-0.080356,-0.004551,0.038377,
-0.591121,-0.550841,0.708713,-0.034288,-0.169556,-0.030616,0.073848,-0.189292,0.191445,-0.084993,-0.030211,0.045903,
-0.497510,-0.575016,0.763940,-0.194060,-0.233169,-0.070576,0.039565,-0.156065,0.134665,-0.120083,-0.088502,0.047273,
-0.450021,-0.593584,0.772752,-0.257761,-0.254239,-0.030608,-0.013431,-0.148035,0.181150,-0.135709,-0.118701,0.013061,
-0.530943,-0.622964,0.711507,-0.213087,-0.197928,-0.046512,0.019340,-0.205657,0.103866,-0.116619,-0.036562,0.017040,
-0.679178,-0.619400,0.733663,-0.236571,-0.119395,-0.004488,-0.032582,-0.188312,0.075483,-0.146487,-0.042905,0.029289,
-0.623211,-0.588252,0.718993,-0.274543,-0.219535,-0.075941,-0.014325,-0.127128,0.200268,-0.144343,-0.063261,0.087717,
-0.590394,-0.559504,0.640273,-0.128917,-0.368557,-0.162095,0.104629,-0.140334,0.200815,-0.103050,0.031207,0.064127,
-0.454480,-0.550050,0.689091,-0.142242,-0.207380,-0.283951,0.114254,-0.095794,0.054659,-0.074744,-0.033068,0.047978,
-0.507313,-0.643695,0.760862,-0.231544,-0.312830,-0.210816,0.127192,-0.159817,0.061020,-0.078474,-0.085444,0.074511,
-0.515364,-0.735737,0.603389,-0.200428,-0.357918,-0.193092,0.189367,-0.280481,0.029677,-0.158202,-0.071919,0.098494,
-0.333864,-0.736035,0.524639,-0.229667,-0.225018,-0.198335,0.200869,-0.218370,-0.001104,-0.145738,-0.027828,0.122443,
-0.331822,-0.704644,0.534567,-0.221065,-0.279696,-0.128142,0.098403,-0.125235,0.179074,-0.111132,-0.055804,0.061177,
-0.496066,-0.641543,0.459418,-0.183385,-0.337187,-0.183115,0.125777,-0.118526,0.180515,-0.083547,0.007308,-0.019790,
-0.471378,-0.634463,0.623416,-0.200780,-0.242523,-0.216350,0.152948,-0.238117,-0.021362,-0.102118,-0.081594,0.065709,
-0.490228,-0.585860,0.778715,-0.214348,-0.234830,-0.254968,0.210183,-0.171522,0.015113,-0.069885,-0.089666,0.050589,
-0.427703,-0.445929,0.755106,-0.341455,-0.430507,-0.203841,0.164792,-0.146962,0.146461,-0.038669,-0.058919,-0.021455,
1.079238,0.041010,0.647673,-0.080643,0.320868,0.161164,0.289583,0.086547,0.144461,0.157183,0.139170,0.121632,
1.268473,0.050259,0.759558,-0.034210,0.350677,0.208383,0.406689,0.230660,0.115419,0.175234,0.101744,0.148349,
1.347844,0.170613,0.847781,0.053479,0.358754,0.238560,0.401974,0.271288,0.092760,0.147978,0.089871,0.123157,
1.455173,0.090366,0.872511,0.178299,0.445730,0.318281,0.304318,0.316381,0.084954,0.103987,0.079926,0.080813,
1.415000,0.121701,0.887607,0.158513,0.449098,0.373404,0.192658,0.358617,0.181693,0.133208,0.013842,0.018886,
1.310744,0.247847,0.915616,0.114171,0.464802,0.393960,0.227131,0.363092,0.169115,0.051594,0.081862,0.095244,
1.313299,0.404470,0.827285,0.100447,0.475468,0.248815,0.243022,0.388092,0.197645,0.015728,0.110955,0.119250,
1.264505,0.345746,0.747449,0.132809,0.433973,0.226421,0.259210,0.273480,0.199518,0.152661,0.077190,0.115556,
1.211535,0.220940,0.781542,0.220042,0.441185,0.256074,0.341007,0.247553,0.093242,0.162054,0.128146,0.114977,
1.273915,0.209251,0.752415,0.263680,0.384407,0.211985,0.346263,0.237410,0.123248,0.214121,0.090880,0.091493,
1.346306,0.115640,0.796950,0.304877,0.455171,0.138060,0.240847,0.278805,0.220469,0.220945,-0.009175,0.095906,
1.292122,0.100635,0.785257,0.336659,0.527921,0.215193,0.219600,0.245077,0.220061,0.177276,0.005335,0.114981,
1.232804,0.205271,0.814275,0.418098,0.512876,0.253101,0.304383,0.264498,0.109716,0.180184,0.053862,0.095445,
1.198797,0.233430,0.782260,0.367793,0.476529,0.194690,0.298627,0.275946,0.101187,0.200345,0.073683,0.089509,
1.185046,0.209207,0.870972,0.232289,0.481529,0.194245,0.284903,0.233947,0.155663,0.207417,0.059683,0.130601,
1.186071,0.142327,0.789962,0.150210,0.451590,0.220933,0.265767,0.303608,0.176180,0.186579,0.077566,0.109633,
1.134782,0.023837,0.707018,0.177710,0.433277,0.241766,0.318075,0.334871,0.177012,0.209914,-0.002968,0.078305,
1.159219,-0.242311,0.810518,0.085156,0.544073,0.244352,0.308856,0.317215,0.120840,0.210691,-0.006253,0.135100,
1.063105,-0.353605,0.839518,0.215299,0.470016,0.195487,0.383189,0.333868,0.033263,0.162226,0.072297,0.143308,
0.756267,-0.700552,0.683240,0.368111,0.463819,0.184536,0.437175,0.212579,0.017201,0.128638,0.114536,0.178396,
0.690366,-0.724283,0.635430,0.370153,0.466524,0.179510,0.466730,0.195268,-0.006622,0.106671,0.122995,0.187542,
0.381339,-0.734683,0.727465,0.263343,0.512035,0.227705,0.412423,0.313518,0.052437,0.073467,0.060333,0.150640,
-0.047254,-0.739234,0.722666,0.328202,0.607246,0.153712,0.375483,0.270466,0.080196,0.031277,0.097692,0.166744,
-0.209065,-0.753234,0.726091,0.318833,0.587109,0.132230,0.383844,0.233669,0.078499,-0.006610,0.072169,0.197322,
-0.357797,-0.822329,0.800185,0.306638,0.598523,0.129552,0.289329,0.240945,0.122843,-0.040905,0.046579,0.237118,
-0.570409,-0.942171,0.875907,0.306006,0.656260,0.165936,0.283530,0.106994,0.111116,0.041637,0.084314,0.242272,
-0.495815,-0.884204,0.810825,0.204328,0.649455,0.180264,0.321546,0.133693,0.020064,-0.000722,0.123065,0.241459,
-0.295378,-0.795260,0.722321,0.191989,0.649662,0.163093,0.388189,0.196983,0.070606,-0.084498,0.075792,0.272214,
-0.150486,-0.796251,0.677518,0.216878,0.712848,0.195752,0.321674,0.151214,0.120648,-0.021040,0.053215,0.254876,
0.071284,-0.855290,0.675340,0.175995,0.718416,0.331434,0.229335,0.139661,0.021515,0.008520,0.191070,0.248811,
0.269649,-0.764209,0.600636,0.055084,0.726547,0.328222,0.265357,0.191488,-0.016503,0.019789,0.132951,0.177775,
0.343774,-0.680271,0.585201,-0.081117,0.695029,0.395783,0.287503,0.204179,-0.005677,0.046094,0.058899,0.079493,
0.536936,-0.684713,0.553795,-0.012559,0.602508,0.454464,0.375020,0.104357,0.011343,0.040104,0.063594,0.161147,
0.640439,-0.664662,0.452967,0.018387,0.638270,0.473971,0.380439,0.051412,0.028625,0.059614,0.059430,0.173530,
0.810058,-0.626702,0.354608,0.007101,0.725191,0.330968,0.475216,0.165768,-0.133279,0.062103,0.142174,0.215151,
0.833039,-0.646305,0.451290,-0.104043,0.689014,0.470484,0.420480,0.154948,-0.139244,0.079846,0.158257,0.161470,
0.815605,-0.624381,0.464735,-0.175372,0.773289,0.533486,0.249742,0.205352,-0.062682,0.058184,0.144423,0.096042,
0.869536,-0.588761,0.254295,-0.120156,0.889482,0.446290,0.302244,0.167712,-0.046941,0.005891,0.162532,0.209352,
1.031187,-0.561465,0.080171,-0.115368,0.952335,0.481075,0.297945,0.142326,-0.044970,0.002962,0.165749,0.214770,
1.229365,-0.468446,-0.117903,-0.070331,0.973854,0.449846,0.361431,0.099946,-0.025415,0.018873,0.102539,0.235169,
1.345623,-0.374846,-0.053649,-0.205847,0.985338,0.584089,0.316273,-0.008394,-0.059299,0.136387,0.080761,0.192518,
1.432405,-0.424174,0.016382,-0.236315,0.967131,0.653231,0.256977,-0.003848,-0.088203,0.155803,0.103010,0.151714,
1.548614,-0.542644,0.102179,-0.186675,0.873139,0.727782,0.212725,0.002368,-0.096918,0.143667,0.150742,0.100081,
1.506558,-0.310104,-0.161454,-0.186977,0.975435,0.693312,0.173424,0.049013,-0.069588,0.060545,0.205890,0.102340,
1.645222,-0.332629,-0.256549,-0.278023,1.071222,0.703503,0.185743,0.003212,-0.016320,0.051249,0.191012,0.145144,
1.744115,-0.502245,-0.175487,-0.212452,1.016121,0.731981,0.189156,-0.039311,-0.019163,0.093484,0.162675,0.174503,
1.601812,-0.216969,-0.335427,-0.331158,1.191630,0.648229,0.154261,0.055799,-0.105131,0.111294,0.236721,0.065705,
1.374820,-0.135778,-0.217415,-0.237738,1.115412,0.623125,0.161446,0.066546,-0.156924,0.129728,0.230682,0.065055,
1.305825,-0.134290,-0.004743,-0.262896,1.068026,0.647333,0.160591,0.043520,-0.153246,0.154319,0.193599,0.098298,
1.273050,-0.189595,0.020344,-0.108790,0.925576,0.675654,0.259463,-0.148852,-0.001564,0.164846,0.084864,0.201699,
1.394951,-0.262905,-0.004396,-0.163843,0.995740,0.708413,0.128944,-0.046315,-0.030883,0.112752,0.191038,0.134678,
1.563444,-0.313329,-0.081116,-0.259208,1.101408,0.666628,0.124473,-0.014079,-0.044754,0.121753,0.195175,0.138623,
1.541827,-0.341081,-0.066846,-0.107880,0.967823,0.650414,0.287291,-0.173288,-0.026446,0.181093,0.107175,0.224298,
1.500539,-0.379989,0.052526,-0.100869,0.933263,0.693641,0.236665,-0.124422,-0.114200,0.224498,0.143886,0.149131,
1.479872,-0.374485,0.018801,-0.169788,1.030080,0.672735,0.149643,-0.006347,-0.166925,0.198282,0.207009,0.083592,
1.542076,-0.408957,0.010884,-0.228288,1.061084,0.697654,0.115565,0.015534,-0.149351,0.163512,0.228353,0.086610,
1.496227,-0.380056,0.029289,-0.127256,0.918330,0.729688,0.208237,-0.130444,-0.061625,0.164187,0.146201,0.169975,
1.536376,-0.323246,-0.020990,-0.041392,0.872599,0.679963,0.329774,-0.291408,0.022405,0.200480,0.059271,0.236460,
1.497577,-0.341089,0.094458,-0.114944,0.873178,0.754489,0.216313,-0.174426,-0.049738,0.182473,0.114154,0.178301,
1.407175,-0.259893,0.078024,-0.136861,0.913635,0.725077,0.234588,-0.174042,-0.069963,0.194300,0.101356,0.190102,
1.415186,-0.123790,-0.066227,0.050179,0.864322,0.633106,0.413424,-0.359212,0.011414,0.216633,0.054111,0.227219,
1.480670,-0.213318,0.048190,0.060537,0.786976,0.710256,0.370743,-0.313428,-0.066977,0.276454,0.047153,0.161782,
1.566891,-0.219083,0.048866,0.104191,0.758360,0.722154,0.344890,-0.298382,-0.083630,0.265927,0.067876,0.122705,
1.758662,-0.258554,0.016537,0.104491,0.816623,0.652315,0.364608,-0.303005,-0.081491,0.259394,0.077329,0.133176,
1.683943,-0.279294,0.079558,0.083237,0.828110,0.657408,0.354987,-0.288150,-0.121191,0.301912,0.069762,0.115710,
1.613871,-0.175779,-0.024779,-0.001596,0.917782,0.639921,0.297979,-0.268477,-0.054907,0.225643,0.094776,0.182387,
1.549152,-0.158591,-0.051453,0.082212,0.850987,0.641512,0.348828,-0.328088,-0.029275,0.229957,0.092366,0.177386,
1.559306,-0.174156,-0.027248,0.195102,0.763689,0.641691,0.416981,-0.391294,-0.037627,0.272626,0.087824,0.136743,
1.835637,-0.301147,0.066293,0.073387,0.779314,0.740918,0.289964,-0.212583,-0.141255,0.220488,0.147162,0.104582,
1.977941,-0.258944,0.053647,-0.014621,0.786417,0.790202,0.260818,-0.195606,-0.105981,0.151487,0.157692,0.157135,
1.962977,-0.145555,0.055312,-0.084008,0.774949,0.840459,0.235983,-0.158047,-0.086719,0.084611,0.171475,0.188445,
1.883311,-0.084433,0.122927,-0.083158,0.728453,0.803559,0.249170,-0.073801,-0.122230,0.087057,0.150232,0.132339,
1.721795,0.238783,0.018025,-0.009619,0.691822,0.681417,0.416133,-0.186739,-0.017070,0.073798,0.056279,0.193963,
1.655602,0.363912,0.141785,-0.092910,0.667351,0.629556,0.384548,-0.096405,0.018638,0.057116,0.019511,0.188019,
1.652756,0.445822,0.356046,-0.180192,0.664731,0.532605,0.314012,0.054318,0.068164,0.043565,-0.018420,0.142501,
1.668936,0.682266,0.413033,-0.213697,0.593412,0.374909,0.296664,0.152564,0.084387,-0.052716,0.054006,0.129976,
1.651689,0.614842,0.297597,-0.124481,0.632579,0.378687,0.321595,0.054438,0.099183,0.026796,0.103989,0.183508,
1.695807,0.561634,0.205043,-0.119025,0.742953,0.393010,0.397278,-0.045772,0.135404,0.037144,0.081609,0.242831,
1.673988,0.570062,0.197549,-0.198757,0.861826,0.423587,0.355953,-0.014360,0.134289,-0.006855,0.100194,0.236180,
1.594765,0.580764,0.387159,-0.280337,0.802520,0.403146,0.297554,0.161036,0.066656,-0.056507,0.104988,0.196392,
1.596816,0.648561,0.379968,-0.241285,0.738042,0.381943,0.282419,0.160700,0.077341,-0.070838,0.137017,0.168844,
1.743029,0.715656,0.271924,-0.343689,0.893621,0.412420,0.330517,0.065682,0.098640,-0.038158,0.125061,0.213808,
1.570225,0.751368,0.266655,-0.348484,0.933872,0.397037,0.409893,0.077214,0.026652,-0.018010,0.093688,0.253678,
1.433160,0.720936,0.324374,-0.235427,0.850181,0.330662,0.352422,0.130294,-0.005816,0.002930,0.118539,0.190965,
1.513478,0.653722,0.379606,-0.209231,0.792584,0.329553,0.350319,0.116509,0.022731,0.011302,0.090534,0.213298,
1.673986,0.679198,0.379682,-0.195954,0.721343,0.350053,0.449217,0.016164,0.095881,-0.007451,0.020311,0.292123,
1.725119,0.739682,0.364816,-0.242967,0.712436,0.392226,0.431730,0.035020,0.074331,-0.033726,0.051298,0.283328,
1.566775,0.761034,0.401665,-0.183862,0.692061,0.390237,0.396167,0.058906,0.076578,-0.088009,0.112028,0.246959,
1.548953,0.799598,0.436899,-0.253708,0.773762,0.363960,0.349580,0.078115,0.045580,-0.083710,0.154159,0.247283,
1.577794,0.820433,0.315743,-0.265404,0.862222,0.479212,0.280333,0.164452,-0.023646,-0.036131,0.215946,0.138224,
1.545425,0.845652,0.396040,-0.267481,0.896786,0.434565,0.312671,0.152651,0.000420,-0.062814,0.187768,0.162931,
1.528823,0.890674,0.469858,-0.264097,0.845853,0.397417,0.341294,0.133918,0.001376,-0.086208,0.157893,0.192235,
1.543417,0.895888,0.398754,-0.162944,0.735759,0.401908,0.367384,0.093181,0.024112,-0.094387,0.146355,0.189934,
1.600533,0.806736,0.463458,-0.119363,0.692095,0.390561,0.346842,0.095494,-0.003313,0.003774,0.122528,0.204980,
1.557622,0.788226,0.586682,0.024496,0.686739,0.303085,0.333249,0.029120,0.064008,0.030296,0.124925,0.209517,
1.416703,0.822482,0.614644,0.147380,0.749582,0.246807,0.342980,0.038180,0.103282,-0.046546,0.169599,0.169654,
1.463718,0.853148,0.659736,0.153637,0.713904,0.246646,0.368978,0.077937,0.057610,-0.073856,0.117574,0.134904,
1.570718,0.816262,0.602750,0.207993,0.693328,0.218691,0.371126,-0.023447,0.037986,-0.023401,0.083622,0.159696,
1.441256,0.720026,0.623852,0.185891,0.720366,0.216085,0.287728,0.103328,0.078037,0.011578,0.116567,0.130932,
1.331052,0.608237,0.670040,0.098207,0.701242,0.251280,0.322461,0.155320,0.098597,0.025133,0.103847,0.165427,
1.400696,0.560257,0.635957,0.073383,0.700412,0.266073,0.311672,0.136422,0.067076,0.008468,0.101325,0.175215,
1.385175,0.446467,0.653192,0.047724,0.569478,0.285882,0.297965,0.212967,-0.026795,0.036913,0.142543,0.118255,
1.225365,0.367101,0.713724,0.062314,0.549551,0.297362,0.297588,0.297244,0.010221,0.027058,0.103919,0.086731,
1.122291,0.153138,0.738332,0.095377,0.610801,0.172337,0.265691,0.305379,0.034929,0.011142,0.087849,0.150305,
1.114677,-0.249937,0.875989,0.071263,0.376952,0.245294,0.272812,0.281947,0.008493,0.011399,0.086709,0.119165,
1.008189,-0.375055,0.912987,-0.036469,0.192772,0.210800,0.201148,0.231266,-0.029702,-0.017004,0.041633,0.062994,
0.800347,-0.375961,0.965368,-0.050384,0.147096,0.249457,0.145273,0.165852,0.077405,0.013723,0.052322,0.103044,
0.495074,-0.489497,0.998585,0.107363,0.182539,0.277632,0.277192,0.063631,0.171289,0.077238,0.041749,0.133917,
0.363800,-0.521055,0.975941,0.092941,0.231631,0.343553,0.332842,0.023150,0.110601,0.085710,0.056233,0.077011,
0.325863,-0.558260,0.994241,0.135627,0.302526,0.374252,0.285191,0.099892,-0.009881,0.079895,0.107910,0.014555,
0.225611,-0.522825,1.036864,0.172383,0.298011,0.329476,0.241974,0.119191,0.032355,0.087554,0.126415,-0.017302,
-0.164884,-0.310490,1.053323,0.057799,0.246526,0.360594,0.316563,0.117105,0.097851,0.053414,0.095646,0.049764,
-0.504495,-0.163280,0.968773,0.049549,0.209924,0.372387,0.285632,0.053625,0.160471,0.009894,0.063180,0.044828,
-0.748135,-0.310860,1.009520,0.043718,0.160776,0.384416,0.314518,-0.035878,0.162059,-0.068978,0.046651,0.039854,
-0.755150,-0.395833,1.119529,-0.006953,0.218713,0.291922,0.329852,-0.048193,0.063912,0.018709,0.022625,0.005084,
-0.657031,-0.323833,1.072883,0.013165,0.128487,0.181835,0.263811,0.015988,0.113118,-0.055437,0.015650,0.050366,
-0.772624,-0.215861,1.050552,-0.015768,0.024783,0.162701,0.384787,0.029193,0.145562,-0.135479,0.057336,0.003071,
-0.993255,-0.212349,1.063075,0.062443,0.040074,0.121608,0.371641,-0.037255,0.146704,-0.140165,0.108467,-0.035053,
-0.912919,-0.286103,1.031711,0.056688,-0.038020,0.000522,0.216772,-0.060698,0.207145,-0.147785,0.068135,0.033110,
-0.787652,-0.446951,0.959202,-0.238864,-0.054904,-0.058700,0.183079,0.023609,0.177795,0.001319,0.031223,0.042363,
-0.791544,-0.443655,0.846465,-0.362017,-0.017471,0.038935,0.245593,0.126379,0.224323,0.043813,0.013081,0.016473,
-0.822291,-0.396330,0.827918,-0.210326,-0.112959,0.076119,0.300464,0.156373,0.289030,-0.070304,0.057799,0.034383,
-0.798103,-0.340189,0.777462,-0.047753,-0.175781,0.077838,0.310786,0.058489,0.330063,-0.117707,0.090970,0.021051,
-0.795934,-0.326630,0.810645,-0.187326,-0.179754,0.049910,0.345925,0.035149,0.350861,-0.030610,0.055584,0.055385,
-0.792695,-0.389973,0.832097,-0.263691,-0.164642,-0.021565,0.382095,0.079658,0.326882,0.022193,0.045139,0.066654,
-0.713317,-0.324826,0.962842,-0.285713,-0.210617,-0.085504,0.399480,0.195750,0.230570,0.062045,0.063491,0.014885,
-0.736912,-0.310566,0.902776,-0.267553,-0.133948,-0.056038,0.343529,0.297550,0.172397,0.024177,0.070504,0.006161,
-0.733913,-0.268896,0.916464,-0.238665,0.019617,0.098611,0.370776,0.182655,0.160332,-0.098846,-0.034917,0.080174,
-0.747570,-0.368715,0.935076,-0.184677,-0.097562,0.079853,0.341677,0.152948,0.157212,-0.119559,0.066180,0.042147,
-0.718448,-0.470137,0.887962,-0.215577,-0.131447,-0.076023,0.358433,0.125723,0.171093,-0.021269,0.073926,0.077875,
-0.600658,-0.576488,0.858541,-0.145574,-0.061771,-0.047395,0.224480,0.075751,0.076807,-0.000349,0.066110,0.036205,
-0.672961,-0.545635,0.952297,-0.209951,-0.030102,0.115520,0.109524,0.075281,0.079824,0.038288,-0.001398,0.019618,
-0.772885,-0.512177,0.980911,-0.319128,-0.064028,0.006196,0.147610,0.121181,0.144404,0.087904,0.003520,0.026950,
-0.759549,-0.589620,0.944146,-0.425372,-0.156844,-0.110805,0.170118,0.106223,0.061504,0.109562,-0.038164,0.007433,
-0.777874,-0.599733,0.915262,-0.397569,-0.067714,-0.040605,0.237955,0.123500,0.028423,0.088008,-0.036023,0.054009,
-0.722507,-0.520602,0.788093,-0.264114,-0.059771,0.024942,0.273532,0.036378,0.123711,0.021027,-0.078896,0.125387,
-0.714156,-0.492761,0.745205,-0.291763,-0.048128,-0.000589,0.258223,0.054689,0.220500,0.039638,-0.094230,0.101348,
-0.658698,-0.456604,0.699928,-0.249017,-0.075097,-0.046023,0.297917,0.088295,0.347852,0.012186,0.003882,0.027059,
-0.704582,-0.492514,0.787523,-0.153523,-0.113100,0.011989,0.284283,0.064751,0.242779,0.010952,0.029540,0.033156,
-0.889679,-0.572244,0.875267,-0.095559,-0.090961,0.033584,0.240129,0.020510,0.078435,0.043706,0.011526,0.015677,
-0.918014,-0.588833,0.824330,-0.065142,0.013328,0.110268,0.268928,-0.072193,0.069657,-0.115232,-0.049232,0.058766,
-0.939187,-0.569823,0.806285,-0.121168,-0.001874,0.016562,0.253807,0.012576,-0.016786,-0.125898,-0.003453,0.027545,
-0.823147,-0.553283,0.766549,-0.234637,-0.086246,0.003837,0.220733,-0.016692,0.041809,-0.095105,-0.075689,0.050431,
-0.693777,-0.551771,0.857856,-0.228394,-0.191399,0.011588,0.260445,-0.006171,0.210995,-0.062033,-0.082413,0.054679,
-0.669782,-0.596367,0.896878,-0.170088,-0.256400,0.002362,0.351518,0.044048,0.175538,-0.035374,-0.030938,0.079081,
-0.508945,-0.721726,0.829705,-0.066863,-0.275287,0.039505,0.416998,-0.066746,0.149689,0.018690,-0.083084,0.080381,
-0.631619,-0.605345,0.809120,-0.143283,-0.290075,0.043283,0.419364,-0.179377,0.189270,0.068991,-0.119038,0.066961,
-0.707347,-0.533780,0.963850,-0.098209,-0.161104,-0.013669,0.358477,-0.030241,0.070400,-0.043940,-0.067292,0.038768,
-0.614871,-0.476399,1.042247,-0.080158,-0.217789,-0.035868,0.342934,0.114128,0.055209,-0.004167,0.005960,0.007128,
-0.557206,-0.510010,1.067675,-0.153675,-0.147278,0.040044,0.256469,0.111191,0.000524,0.016745,-0.048022,-0.021656,
-0.634911,-0.513722,1.130899,-0.080174,-0.042916,0.030609,0.220675,-0.013386,-0.000082,0.056977,-0.071839,0.013983,
-0.660538,-0.592178,1.043254,-0.045097,-0.221763,-0.044727,0.309618,-0.048766,0.084961,0.013907,-0.027414,0.074452,
-0.647456,-0.516565,0.980221,-0.124112,-0.359082,-0.188483,0.363787,-0.011434,0.086829,-0.004935,-0.001090,0.019555,
0.995905,-0.002067,0.760948,0.025436,0.470980,-0.072310,0.243184,0.437429,0.212344,0.205626,0.124614,0.123661,
1.104440,-0.035505,0.798789,0.095293,0.421232,0.053168,0.240298,0.309481,0.244871,0.207638,0.074972,0.142239,
1.034767,0.044026,0.790492,0.046174,0.442176,0.181522,0.308192,0.182629,0.184150,0.223199,0.072206,0.142508,
0.924274,0.106635,0.826116,0.082768,0.480211,0.153165,0.288598,0.088294,0.239602,0.252119,0.056548,0.178922,
1.128759,0.121849,0.792417,0.068141,0.459432,0.175447,0.342699,0.076503,0.244053,0.197961,0.019583,0.243305,
1.238689,0.130983,0.679115,0.026239,0.432962,0.162496,0.403344,0.165470,0.284048,0.101982,0.001318,0.263015,
1.213993,0.205781,0.754758,0.069807,0.432084,0.161266,0.395801,0.251074,0.210690,0.115603,-0.002375,0.196098,
1.176361,0.093200,0.912951,0.107720,0.438387,0.167869,0.357096,0.173756,0.171354,0.211711,0.002350,0.208647,
1.265997,0.074863,0.796350,-0.001803,0.412390,0.194108,0.362639,0.165398,0.229397,0.271141,-0.039348,0.186595,
1.269568,-0.032932,0.650762,0.066597,0.444614,0.150704,0.340899,0.146748,0.294410,0.326254,-0.059828,0.137847,
1.239457,0.041043,0.636321,0.119566,0.428262,0.124921,0.351791,0.215259,0.291484,0.246292,-0.053454,0.139380,
1.296347,0.029734,0.617585,0.073274,0.443916,0.089173,0.439146,0.280201,0.236960,0.199347,-0.083439,0.171877,
1.370405,0.068925,0.668853,0.055591,0.364805,0.070503,0.406552,0.221140,0.309452,0.246523,-0.095626,0.176001,
1.286965,-0.017273,0.619624,0.194948,0.402696,0.071873,0.241681,0.198558,0.318183,0.266954,0.036306,0.116041,
1.345826,-0.077513,0.575851,0.100212,0.459744,0.054594,0.250498,0.197152,0.299859,0.338743,0.025620,0.101921,
1.247154,0.008860,0.679121,0.028335,0.359706,0.050693,0.267909,0.225987,0.328791,0.322445,-0.025796,0.113472,
1.183499,-0.022557,0.841324,0.029350,0.255846,0.052098,0.297389,0.180644,0.288863,0.289386,-0.010856,0.165997,
1.196850,-0.028225,0.826198,-0.001337,0.335663,0.006127,0.242514,0.138368,0.244214,0.350867,0.055612,0.172177,
1.149604,-0.122381,0.828813,0.001470,0.343243,-0.060467,0.170128,0.179806,0.281399,0.383197,0.065151,0.151672,
1.068458,-0.129767,0.783696,-0.044575,0.287276,0.005561,0.127075,0.229300,0.298811,0.320210,0.181143,0.077117,
0.970264,-0.148974,0.822749,-0.100617,0.331694,-0.009251,0.122575,0.218542,0.186900,0.319675,0.191587,0.051251,
0.765563,-0.426889,0.948695,0.176207,0.286793,0.011674,0.216146,0.120644,0.025069,0.223895,0.113866,0.024821,
0.616263,-0.487846,1.006222,0.116540,0.209961,-0.048638,0.246430,0.077191,0.010133,0.212593,0.102344,0.069845,
0.261929,-0.389074,1.122644,0.148074,0.083347,-0.149431,0.276613,0.163089,0.034623,0.133032,0.149344,0.078581,
-0.296738,-0.413765,1.023896,0.209941,0.038140,-0.246591,0.335113,0.057839,0.127050,0.031522,0.102923,0.192752,
-0.524625,-0.467508,0.875161,0.318635,0.215533,-0.124911,0.406699,0.076529,0.177653,-0.070211,0.067198,0.206688,
-0.455660,-0.695914,0.762532,0.416938,0.419248,-0.045045,0.393189,0.163479,0.112728,-0.126051,0.174097,0.225244,
-0.330146,-0.882096,0.757039,0.448270,0.522395,0.034170,0.324099,0.162450,0.114881,-0.114305,0.230597,0.238239,
-0.275725,-0.822963,0.766688,0.404337,0.609223,0.072425,0.296528,0.157089,0.069976,0.001147,0.184196,0.218262,
-0.146831,-0.830567,0.742984,0.397951,0.604510,0.042771,0.326314,0.160843,0.058298,0.057870,0.072644,0.220639,
-0.036713,-0.791032,0.732949,0.288546,0.593365,0.063235,0.417672,0.195468,0.032479,0.030270,0.032274,0.252536,
0.131149,-0.786752,0.664055,0.206488,0.657224,0.160615,0.397385,0.159860,0.036388,0.057766,0.006763,0.245175,
0.143592,-0.772381,0.653393,0.182467,0.609663,0.317730,0.435969,-0.001063,0.074345,0.106721,0.012461,0.256302,
0.273500,-0.797564,0.477779,0.363244,0.656041,0.170079,0.467152,0.083780,0.104925,0.011494,-0.011544,0.323580,
0.331527,-0.742109,0.432726,0.347871,0.672988,0.123693,0.398656,0.231457,0.119449,-0.083747,-0.017210,0.287328,
0.497405,-0.642411,0.425102,0.086204,0.842397,0.220648,0.259447,0.338427,-0.028828,0.009115,0.098524,0.123610,
0.548556,-0.654589,0.480265,0.030185,0.749746,0.301819,0.332950,0.291119,-0.032891,0.044506,0.084616,0.085062,
0.560783,-0.760011,0.563200,0.133608,0.727711,0.276788,0.288781,0.242960,0.064986,0.005740,0.042882,0.213622,
0.606991,-0.799281,0.664376,0.165928,0.680818,0.353216,0.210812,0.247854,0.020861,0.006567,0.051005,0.220284,
0.661639,-0.678708,0.560255,0.081862,0.707614,0.371997,0.254012,0.213240,0.004234,0.014479,0.031788,0.200485,
0.589273,-0.388613,0.388427,-0.118468,0.774865,0.450083,0.340764,0.091401,0.015465,0.069385,0.092080,0.145972,
0.497838,-0.286121,0.281966,-0.281781,0.867416,0.559937,0.296397,0.128421,-0.080820,0.118300,0.180207,-0.008099,
0.418035,-0.253988,0.255573,-0.290257,0.873386,0.572238,0.322946,0.106984,-0.087020,0.101988,0.192752,-0.014161,
0.370898,-0.172789,0.280125,-0.267202,0.813617,0.543079,0.354827,0.078971,-0.033497,0.058679,0.193165,0.009810,
0.571753,-0.159216,0.365953,-0.363346,0.721765,0.668090,0.285551,0.150661,-0.068583,0.060491,0.123647,0.038447,
0.668658,-0.238426,0.392214,-0.429690,0.774322,0.740962,0.234651,0.142652,-0.106419,0.072464,0.119211,0.066323,
0.593796,-0.231033,0.316299,-0.410883,0.837321,0.741005,0.226043,0.123371,-0.130411,0.079394,0.146225,0.063152,
0.540136,-0.150554,0.195831,-0.346252,0.889287,0.690643,0.229349,0.119606,-0.143903,0.075727,0.173230,0.056397,
0.486262,-0.191999,0.226543,-0.306782,0.863081,0.652355,0.277193,0.067127,-0.115839,0.080538,0.161001,0.073511,
0.536390,-0.204585,0.255852,-0.293792,0.861581,0.661502,0.223465,0.065917,-0.086657,0.088159,0.140858,0.083590,
0.583790,-0.181947,0.255116,-0.340726,0.918950,0.660247,0.177686,0.089201,-0.087289,0.067308,0.164250,0.088159,
0.547585,-0.056112,0.172896,-0.361550,0.997386,0.597632,0.186850,0.088061,-0.084084,0.034585,0.202216,0.089020,
0.503122,-0.157807,0.194890,-0.319896,0.948503,0.624141,0.202049,0.063339,-0.099160,0.065896,0.189318,0.067473,
0.544251,-0.227101,0.244489,-0.311736,0.900547,0.677948,0.168291,0.081630,-0.140728,0.093201,0.199217,0.033553,
0.606531,-0.257006,0.246227,-0.290572,0.897775,0.711812,0.123592,0.085891,-0.150707,0.114121,0.206888,0.017852,
0.725562,-0.257495,0.199118,-0.237384,0.923736,0.695393,0.100328,0.048698,-0.121357,0.138280,0.175990,0.035844,
0.688193,-0.350506,0.254819,-0.238215,0.847416,0.757257,0.116080,0.045133,-0.154276,0.138745,0.184684,0.010160,
0.526598,-0.317377,0.193272,-0.205661,0.873457,0.676030,0.230528,-0.039547,-0.129938,0.149839,0.149791,0.067372,
0.549142,-0.281719,0.108308,-0.079645,0.814952,0.661358,0.302345,-0.161764,-0.061880,0.189531,0.078751,0.125222,
0.475640,-0.278775,0.127579,-0.066144,0.797087,0.664764,0.257632,-0.089898,-0.093834,0.180100,0.130274,0.058218,
0.557666,-0.335597,0.158501,-0.071606,0.828877,0.669795,0.145792,0.025963,-0.144434,0.171486,0.200865,-0.023213,
0.743067,-0.396894,0.189203,-0.065865,0.817252,0.717631,0.093413,0.012072,-0.132785,0.195549,0.179954,-0.025070,
0.874054,-0.431689,0.242049,-0.091488,0.808195,0.770239,0.046618,0.018087,-0.131990,0.199060,0.182377,-0.045806,
0.855548,-0.461250,0.263316,-0.092989,0.794517,0.780027,0.034692,0.029442,-0.114706,0.175586,0.195821,-0.052544,
0.918611,-0.426846,0.223512,-0.075972,0.802602,0.753847,0.036918,0.003250,-0.068861,0.151287,0.179743,-0.015706,
1.114318,-0.393157,0.227592,-0.070821,0.738488,0.796392,0.066570,-0.040521,-0.078449,0.174715,0.147977,-0.007297,
1.026152,-0.328030,0.149187,-0.119074,0.813081,0.695812,0.198325,-0.111845,-0.047113,0.190731,0.075287,0.091233,
1.136458,-0.273491,0.085317,-0.128601,0.847569,0.663300,0.256617,-0.158680,-0.023888,0.179460,0.050711,0.151670,
1.276688,-0.270965,0.097262,-0.202715,0.874821,0.700665,0.163926,-0.048898,-0.056153,0.104948,0.129100,0.109925,
1.399029,-0.177182,0.141691,-0.334113,0.928818,0.706248,0.130584,-0.005512,-0.042456,0.048769,0.152861,0.143308,
1.519621,-0.021254,0.133511,-0.348550,0.869657,0.712267,0.166265,0.031090,-0.059468,0.026500,0.153881,0.128931,
1.665898,0.146798,0.069861,-0.215818,0.730291,0.585481,0.443275,-0.058991,-0.051212,0.121279,-0.002098,0.193103,
1.530898,0.408671,0.217617,-0.046859,0.653478,0.367167,0.450103,-0.059985,0.126832,0.075548,0.034565,0.237182,
1.511838,0.432434,0.357565,-0.104996,0.794863,0.375857,0.266126,-0.018939,0.150610,0.009849,0.139443,0.260370,
1.450782,0.549674,0.418624,-0.150919,0.710876,0.345425,0.341209,0.049984,0.125076,-0.098829,0.145590,0.272190,
1.414109,0.540002,0.478416,-0.187961,0.670360,0.301193,0.345050,0.082401,0.153007,-0.150993,0.165367,0.292381,
1.357861,0.583184,0.527884,-0.236208,0.600067,0.265028,0.350770,0.113345,0.203069,-0.144633,0.157608,0.265712,
1.375634,0.632076,0.558950,-0.275823,0.572289,0.299527,0.404261,0.067277,0.165172,-0.134629,0.132927,0.310736,
1.361345,0.665961,0.464175,-0.270893,0.682186,0.354683,0.427835,0.036331,0.106282,-0.104669,0.115602,0.317856,
1.438319,0.673071,0.498901,-0.267183,0.675493,0.305441,0.440355,0.017205,0.051284,-0.076070,0.107774,0.352881,
1.443379,0.585436,0.539103,-0.178742,0.624830,0.255522,0.458155,-0.004860,0.020922,-0.021658,0.104953,0.354555,
1.384474,0.549959,0.532531,-0.076866,0.600817,0.269068,0.499644,0.045189,-0.021351,-0.025644,0.114236,0.291856,
1.399535,0.555830,0.510616,-0.028179,0.652785,0.343512,0.430256,0.044606,0.006784,-0.061037,0.139434,0.269508,
1.521921,0.682914,0.507341,-0.171806,0.772788,0.404508,0.351228,0.009161,0.075526,-0.106832,0.146801,0.305757,
1.469445,0.608648,0.591974,-0.113751,0.639960,0.422187,0.339813,0.052074,0.035719,-0.125166,0.183637,0.276981,
1.392356,0.537654,0.570991,-0.119093,0.597619,0.399391,0.386182,0.116965,0.005096,-0.090517,0.173549,0.250874,
1.383520,0.517496,0.547041,-0.155069,0.663511,0.348690,0.401831,0.152412,0.007085,-0.089755,0.159483,0.268726,
1.324520,0.376911,0.663551,-0.091226,0.594982,0.337911,0.429064,0.156816,-0.066289,-0.065877,0.197109,0.261941,
1.265701,0.433597,0.761505,0.016073,0.524515,0.329984,0.494822,0.101276,-0.113009,-0.060353,0.217258,0.202208,
1.292081,0.534088,0.658249,0.039561,0.662683,0.277750,0.439706,0.029222,-0.020903,-0.052045,0.178603,0.257145,
1.223841,0.605627,0.660570,0.035221,0.726098,0.273276,0.383618,0.010839,0.008810,-0.013756,0.193450,0.231606,
1.211738,0.466099,0.750683,0.004135,0.650373,0.378239,0.430021,0.098445,-0.013205,-0.042367,0.166677,0.243778,
1.217547,0.453011,0.652815,0.012319,0.634940,0.378804,0.475617,0.045590,0.047262,-0.031552,0.129019,0.291342,
1.240312,0.479041,0.668641,0.061640,0.698259,0.326966,0.440072,0.056448,0.098057,-0.086588,0.136052,0.295409,
1.160379,0.408513,0.693492,0.123988,0.747282,0.262063,0.351488,0.070802,0.016676,-0.015415,0.185218,0.226154,
1.144773,0.314435,0.585134,0.144080,0.705903,0.200764,0.332234,0.088715,-0.034324,0.074416,0.175274,0.183495,
1.245615,0.191587,0.517715,0.044306,0.589936,0.149524,0.408885,0.093625,0.025177,0.030784,0.105559,0.251543,
1.282514,0.140913,0.552152,-0.177656,0.545495,0.122135,0.402940,0.190166,-0.034145,-0.037312,0.063222,0.266127,
1.362070,0.031271,0.554736,-0.106972,0.576696,0.168102,0.396007,0.187667,-0.000340,0.079529,0.104853,0.283054,
1.330259,0.040571,0.511953,0.050080,0.579542,0.171207,0.292064,0.198753,0.114234,0.012658,0.160509,0.251487,
1.284634,0.100521,0.620367,0.064466,0.700737,0.134490,0.234303,0.287290,0.157832,-0.100349,0.083321,0.297623,
1.191856,0.054639,0.626986,0.074791,0.767215,0.115258,0.287886,0.254526,0.066114,-0.093741,0.052055,0.345705,
1.285176,0.004525,0.580668,0.065553,0.683063,0.094552,0.237708,0.270075,0.040365,-0.138889,0.059586,0.308523,
1.242221,-0.063431,0.681425,0.015290,0.504850,0.122982,0.223368,0.146849,0.053168,0.011858,0.054930,0.223236,
0.723572,-0.136415,0.770970,-0.214015,0.465624,0.209847,0.210801,0.100936,-0.056281,0.056261,0.093116,0.092998,
0.528927,-0.121421,0.780608,-0.314234,0.433024,0.169930,0.177234,0.086249,-0.130472,0.020564,0.070244,0.037564,
0.180957,0.023426,0.869489,-0.301812,0.404931,0.048923,0.257321,0.148942,-0.041695,0.077675,0.000162,0.058014,
-0.091762,0.096948,0.991083,-0.312231,0.369682,0.065112,0.307239,0.190659,0.036786,0.078805,-0.029353,0.054819,
-0.198120,-0.076564,1.014287,-0.321771,0.357147,0.090947,0.264841,0.158630,0.096818,0.087963,-0.058473,0.036837,
-0.236454,-0.346473,1.032554,-0.260146,0.285840,0.020614,0.271820,0.148092,0.040256,0.083572,-0.033897,0.073745,
-0.413581,-0.364311,1.079017,-0.334189,0.190804,0.094075,0.239757,0.186131,0.079161,0.017666,-0.033563,0.059429,
-0.502978,-0.350005,0.971605,-0.350257,0.199575,0.032739,0.132146,0.189102,-0.016792,0.036879,0.037730,-0.001994,
-0.304046,-0.418977,0.814899,-0.517413,-0.004026,-0.068070,0.117647,0.103173,0.009042,-0.004473,-0.077097,0.009039,
-0.152958,-0.379713,0.898831,-0.599441,-0.010849,-0.006875,0.154656,0.068172,0.116859,0.054795,-0.169773,0.000356,
-0.243389,-0.401913,0.850865,-0.499299,0.045773,0.002461,0.261978,0.127506,0.080933,0.154184,-0.090884,-0.069371,
-0.155328,-0.503170,0.820372,-0.476373,-0.001821,-0.017945,0.273997,0.186407,-0.055019,0.083502,-0.010518,-0.065228,
-0.199782,-0.460893,0.984922,-0.443181,-0.133315,0.002080,0.189978,0.101910,-0.007502,-0.017304,-0.062155,-0.048372,
-0.288282,-0.359970,1.021367,-0.421376,0.005435,0.050648,0.145795,0.106611,0.059205,0.039518,-0.080506,-0.083564,
-0.297642,-0.360154,1.047409,-0.338875,0.141319,0.110936,0.127415,0.107142,0.010106,0.027781,-0.097111,-0.076110,
-0.215767,-0.413454,1.025476,-0.293392,0.121148,0.058941,0.125373,0.059899,-0.067234,0.077937,-0.073617,-0.016158,
-0.072846,-0.311952,0.969757,-0.476380,0.004062,-0.012402,0.184106,0.138214,-0.049729,0.068060,-0.137846,-0.021615,
-0.155667,-0.396258,0.972731,-0.676982,0.004775,-0.025804,-0.008742,0.088489,0.065622,0.050562,-0.186991,-0.057834,
-0.301258,-0.496861,0.935777,-0.567970,-0.078431,-0.209010,-0.044905,0.011998,0.071939,-0.086461,-0.210357,0.013421,
-0.370209,-0.609484,1.011024,-0.485022,-0.113018,-0.176903,0.020405,-0.010936,0.005512,-0.104348,-0.221990,0.052637,
-0.399002,-0.558564,0.961533,-0.553554,-0.122071,-0.128270,0.067043,-0.010489,-0.006665,0.003891,-0.150371,0.030931,
-0.466677,-0.476144,0.950117,-0.516542,-0.101937,-0.046498,0.104000,-0.007793,-0.026980,-0.030196,-0.113710,0.028964,
-0.496544,-0.548750,0.983944,-0.500497,-0.024580,0.041816,0.020706,0.074613,0.022244,-0.074853,-0.076412,0.016662,
-0.467118,-0.512256,1.082186,-0.452141,0.019885,-0.030551,-0.046619,0.157588,-0.047162,0.013877,0.057319,0.007133,
-0.527754,-0.617922,1.051471,-0.476902,0.021731,-0.033652,-0.017001,0.232178,-0.081026,0.075814,0.092908,-0.039516,
-0.642790,-0.876261,0.968419,-0.464318,-0.054996,-0.057534,0.065996,0.302080,0.050017,0.141058,0.039529,-0.028677,
-0.598951,-0.776964,0.888335,-0.448581,-0.132459,-0.157005,0.179252,0.219318,0.191749,0.141125,-0.062447,0.072836,
-0.440589,-0.712477,0.898901,-0.398444,-0.120662,-0.171989,0.211754,0.176469,0.086705,0.175885,-0.041220,0.022651,
-0.220541,-0.873362,0.959820,-0.304518,-0.006054,-0.034025,0.184905,0.164389,-0.045822,0.217505,-0.000864,0.005775,
-0.325458,-0.892166,0.959048,-0.225179,0.156122,0.049370,0.156786,0.148153,-0.109013,0.064525,0.015070,0.016443,
-0.450669,-0.724145,0.902462,-0.263488,0.072536,0.028758,0.046534,0.093404,0.001924,-0.052842,-0.047591,0.053210,
-0.387473,-0.685528,0.807131,-0.309026,0.054297,-0.015027,-0.024524,0.091359,0.058739,-0.043801,-0.063573,-0.007348,
-0.469754,-0.758581,0.852280,-0.327693,-0.045774,-0.051858,0.071315,0.117627,0.036725,0.036890,-0.054526,-0.046967,
-0.534722,-0.808508,0.882098,-0.404474,0.001169,-0.027625,0.036559,0.118416,0.056763,0.088011,-0.042002,-0.046375,
-0.569112,-0.884338,0.861310,-0.362136,-0.149778,-0.137987,0.119755,0.079789,0.129785,0.067699,-0.078809,0.059978,
-0.433693,-0.948748,0.867137,-0.345575,-0.233161,-0.128832,0.206678,0.048378,0.131884,0.046637,-0.151019,0.085547,
-0.269988,-0.756955,0.910080,-0.421366,-0.162416,-0.098636,0.091252,0.018535,0.183129,0.038442,-0.213919,0.084418,
-0.345199,-0.726340,0.896141,-0.371764,-0.181396,-0.094462,0.080796,0.064706,0.143209,0.024881,-0.097290,0.048010,
-0.384324,-0.824475,0.810795,-0.264296,-0.154010,-0.078635,0.131552,0.060941,0.063782,0.053106,-0.016938,0.038400,
-0.294399,-0.812388,0.834593,-0.257241,-0.109823,0.039243,0.193456,0.055628,0.106207,0.032837,-0.030811,0.065514,
-0.275785,-0.841447,0.898425,-0.254412,-0.116448,0.034649,0.071271,0.016598,0.047491,-0.003652,-0.082217,0.040885,
-0.197371,-0.818825,0.814185,-0.316454,-0.160357,-0.018826,0.071834,-0.005127,-0.043244,-0.010518,-0.169630,-0.011803,
1.180826,-0.272881,0.511033,-0.234608,0.262379,-0.028548,0.051550,0.094207,-0.012587,0.108714,-0.037160,0.062179,
1.163458,-0.300138,0.581343,-0.119105,0.290264,0.030698,0.153401,0.015481,0.018777,0.173483,-0.005067,0.112678,
1.159453,-0.220953,0.540805,-0.104323,0.345784,0.064354,0.245668,0.115095,0.123050,0.173673,-0.012376,0.097371,
1.201210,-0.101724,0.556042,-0.173233,0.334496,-0.002150,0.224841,0.197571,0.084642,0.147506,0.027646,0.130976,
1.245332,-0.149573,0.651696,-0.130362,0.337692,0.014900,0.180176,0.222691,0.034097,0.143399,0.157537,0.135503,
1.155772,-0.134684,0.706997,-0.013123,0.381746,0.198327,0.250292,0.189325,0.055541,0.088759,0.180604,0.134744,
1.239571,-0.207015,0.742173,0.025236,0.400554,0.098888,0.284013,0.103966,0.060312,0.221610,0.144701,0.182395,
1.323303,-0.249089,0.739998,-0.065667,0.437048,0.146545,0.301957,0.178691,0.048153,0.268571,0.089163,0.150518,
1.179107,-0.191766,0.645063,-0.063414,0.384938,0.215607,0.305043,0.268508,0.123565,0.252183,0.103439,0.005884,
1.267518,-0.166955,0.626859,0.039496,0.359211,0.167491,0.274567,0.237570,0.113324,0.184433,0.141950,0.059579,
1.253494,-0.094314,0.628980,0.086157,0.497333,0.099059,0.223206,0.221914,0.186258,0.091624,0.014226,0.179172,
1.375582,-0.142052,0.683988,0.035344,0.515989,0.108488,0.143679,0.209774,0.230496,0.089229,-0.028952,0.219846,
1.255119,-0.017506,0.757696,0.013700,0.534464,0.052187,0.121513,0.283765,0.173683,0.130456,0.137076,0.175698,
1.290844,0.012805,0.715597,0.034159,0.397814,0.062286,0.236010,0.270104,0.136838,0.051953,0.109946,0.187874,
1.262948,0.037105,0.698935,0.038259,0.225238,0.112066,0.392172,0.126172,0.205373,0.077313,0.107462,0.222524,
1.211949,-0.033745,0.654754,0.026030,0.316447,0.104315,0.322898,0.149502,0.136686,0.122713,0.237321,0.191074,
1.203201,-0.089081,0.531224,-0.011779,0.548536,0.099629,0.214324,0.258364,0.164616,0.156844,0.190318,0.146039,
1.224581,-0.092719,0.654038,0.009385,0.553722,0.084063,0.151787,0.142795,0.097990,0.198626,0.185547,0.167476,
1.338944,-0.141945,0.642847,-0.066420,0.551231,0.055439,0.151455,0.145374,0.052718,0.150301,0.054238,0.223219,
1.306211,-0.098014,0.549536,-0.199326,0.492101,0.019622,0.131757,0.183201,0.033378,0.012501,0.077639,0.267417,
1.231613,-0.140908,0.570707,-0.230859,0.346120,0.070491,0.189452,0.134016,0.042578,0.102613,0.174892,0.211056,
1.266069,-0.229892,0.665012,-0.174814,0.237032,0.002135,0.257093,0.091368,0.049607,0.193942,0.021893,0.198027,
1.199062,-0.188214,0.662728,-0.175979,0.247707,-0.006883,0.176746,0.104217,-0.056624,0.146185,0.070027,0.145745,
1.160208,-0.094721,0.712973,-0.164726,0.457324,0.076315,0.176431,0.161157,-0.028706,0.114165,0.124676,0.174204,
1.279076,-0.178371,0.616760,-0.055274,0.467964,0.033498,0.110286,0.092612,0.085141,0.098065,0.072744,0.225867,
1.326078,-0.196526,0.486979,0.004738,0.462677,-0.049795,0.107877,0.097488,0.127591,0.126593,0.029869,0.190684,
1.194807,-0.218877,0.445200,0.007646,0.443695,-0.126440,0.060338,0.027957,0.093774,0.207263,-0.031046,0.131676,
1.156119,-0.264767,0.502113,-0.030642,0.327844,-0.054279,0.145467,-0.010108,0.094224,0.175736,-0.051337,0.152561,
1.001486,-0.330385,0.520362,-0.189046,0.357284,-0.020398,0.145141,0.172513,0.019791,0.104552,0.086713,0.128864,
0.863414,-0.515266,0.511184,-0.089867,0.357866,-0.032519,0.121323,0.177421,-0.013777,0.112208,0.035695,0.024161,
0.645793,-0.961956,0.498390,0.123806,0.365732,-0.191592,0.096892,0.119128,-0.135544,0.135382,-0.058803,-0.005251,
0.724794,-0.972144,0.466593,0.088813,0.365496,-0.252528,-0.031098,0.077744,-0.164175,0.117051,-0.041614,-0.055068,
0.687387,-0.862161,0.540230,0.078286,0.378134,-0.206994,-0.054779,0.092654,-0.110507,0.130292,0.029139,-0.073485,
0.252027,-0.752657,0.772235,0.024824,0.327779,-0.112508,0.081477,0.224843,-0.031169,0.107885,0.085961,-0.004971,
0.240387,-0.787007,0.924141,0.064980,0.280389,-0.096559,0.098592,0.281137,-0.003306,0.074233,0.040618,-0.005138,
0.064637,-0.831110,0.952264,0.110907,0.265111,-0.198659,0.078123,0.213700,0.024608,0.043087,0.005006,0.088914,
-0.122359,-0.925824,0.995828,0.018372,0.258539,-0.242324,-0.039218,0.224508,-0.091213,0.044906,0.010924,0.004329,
-0.169075,-0.910872,1.014352,0.001538,0.233948,-0.198653,0.021951,0.223001,-0.129729,0.104446,0.000902,-0.065763,
-0.427545,-1.020773,0.862484,0.010729,0.326609,-0.093264,0.108530,0.130674,-0.090381,0.096931,-0.064763,0.019367,
-0.601531,-1.138903,0.717830,-0.018845,0.456511,-0.013158,0.078584,-0.042677,-0.113330,0.093102,-0.023344,0.035467,
-0.589524,-1.290188,0.719038,0.020876,0.496506,-0.006430,0.079984,0.026142,-0.152626,0.079287,0.079035,0.039017,
-0.414040,-1.412429,0.544221,0.032643,0.528539,-0.029247,0.022337,0.019915,-0.180289,0.124321,0.086052,0.015477,
-0.336582,-1.486295,0.481186,-0.001896,0.359790,-0.014537,-0.042656,-0.010470,-0.152502,0.045388,0.056971,0.011489,
-0.310434,-1.403358,0.581541,-0.047106,0.349076,0.164945,0.005129,0.022231,-0.096146,0.020482,0.110289,-0.001519,
-0.360092,-1.496416,0.440407,-0.145445,0.453434,0.182688,0.018550,0.019966,-0.133288,0.081001,0.148806,-0.005636,
-0.372252,-1.469022,0.434420,-0.027729,0.458168,0.076348,-0.005646,-0.056574,-0.163819,0.100086,0.119393,-0.028341,
-0.123563,-1.239345,0.584477,0.216347,0.624165,0.140066,0.111664,0.047178,-0.078255,0.164076,0.147745,0.081377,
0.330111,-1.142677,0.664769,0.141228,0.620570,0.331326,0.218927,0.046224,-0.010509,0.125692,0.084266,0.188070,
0.528643,-1.072696,0.678012,0.151316,0.665895,0.434904,0.304510,0.058553,-0.006101,0.152996,0.107907,0.197716,
0.760074,-0.918038,0.465559,0.137895,0.797480,0.458632,0.278543,0.049414,-0.089482,0.242389,0.144572,0.082298,
0.971113,-0.852649,0.399215,0.000564,0.808584,0.611158,0.232950,0.026382,-0.122249,0.236125,0.168548,0.035639,
0.962611,-0.715918,0.266288,-0.003093,0.813755,0.684857,0.229776,-0.039824,-0.056408,0.206660,0.161101,0.082210,
0.897373,-0.575306,0.119070,0.101967,0.752518,0.710777,0.264184,-0.136821,0.073628,0.164200,0.112984,0.135521,
0.959107,-0.545052,0.068552,0.111120,0.778049,0.640828,0.351652,-0.173842,0.049846,0.191313,0.088486,0.156514,
0.961312,-0.439014,-0.055091,0.198856,0.756839,0.619511,0.422649,-0.269548,0.095753,0.176243,0.095840,0.164762,
1.015343,-0.363120,-0.140313,0.285669,0.715345,0.627665,0.445448,-0.352318,0.158077,0.147620,0.114157,0.141686,
1.052836,-0.418350,-0.086405,0.301983,0.645016,0.710515,0.413564,-0.347453,0.106609,0.205096,0.105290,0.135510,
1.149083,-0.319660,-0.112265,0.356321,0.640565,0.693842,0.444149,-0.405767,0.108714,0.245310,0.102401,0.105775,
1.113087,-0.271891,-0.070300,0.289657,0.690688,0.674330,0.463403,-0.410839,0.093176,0.270358,0.066217,0.142183,
1.059311,-0.272014,-0.041551,0.228478,0.733451,0.643197,0.446307,-0.373180,0.106961,0.236043,0.046335,0.182823,
1.118508,-0.288834,-0.076248,0.209725,0.775613,0.628419,0.434298,-0.320436,0.048607,0.232437,0.080087,0.184218,
1.069185,-0.304868,0.007225,0.160300,0.790604,0.672242,0.339700,-0.178955,-0.105870,0.334393,0.076532,0.126613,
1.111442,-0.320731,0.090370,0.111114,0.799874,0.715239,0.280332,-0.124195,-0.173945,0.371431,0.092783,0.080306,
1.185031,-0.331714,0.169470,-0.003999,0.809011,0.752829,0.263334,-0.098864,-0.203192,0.324448,0.121711,0.084285,
1.151722,-0.317425,0.155113,0.017374,0.777061,0.740877,0.285457,-0.140833,-0.162939,0.313278,0.074500,0.107030,
1.224034,-0.269527,0.106420,0.044345,0.800568,0.711555,0.306484,-0.147540,-0.190586,0.324881,0.075302,0.102287,
1.163499,-0.203061,0.018025,-0.057534,0.894887,0.711183,0.214596,-0.074915,-0.131872,0.180694,0.143245,0.148518,
1.131627,-0.227625,0.031081,-0.095022,0.915771,0.717130,0.166696,-0.019260,-0.163223,0.162174,0.173915,0.110987,
1.169526,-0.276916,0.073931,-0.065339,0.920196,0.716104,0.125803,0.014553,-0.222045,0.217482,0.186922,0.039840,
1.224412,-0.261854,0.088336,-0.048157,0.899722,0.742657,0.129734,0.003801,-0.257635,0.250900,0.187642,0.022077,
1.097698,-0.222837,-0.011642,-0.076585,0.938320,0.724458,0.126131,0.005046,-0.209691,0.181175,0.208906,0.078509,
1.119751,-0.211338,-0.056009,-0.098988,1.001250,0.715979,0.075497,0.021669,-0.176800,0.137600,0.256637,0.065784,
1.166125,-0.219551,-0.014682,-0.151031,1.063689,0.688860,0.058100,0.030081,-0.191141,0.156580,0.260376,0.045363,
1.175345,-0.295919,0.082957,-0.145407,0.990642,0.723519,0.119204,-0.054014,-0.178605,0.192772,0.198849,0.097996,
1.144088,-0.371552,0.145616,-0.081623,0.864565,0.773661,0.206245,-0.153158,-0.185654,0.277868,0.123431,0.106790,
0.909063,-0.417504,0.096365,-0.010973,0.803600,0.737518,0.280939,-0.184809,-0.147762,0.269431,0.093377,0.130236,
0.917960,-0.393752,0.033163,0.077998,0.776910,0.665897,0.368744,-0.265241,-0.087163,0.277713,0.038753,0.150597,
0.994928,-0.349991,0.005533,0.088172,0.773916,0.655516,0.359704,-0.271782,-0.067966,0.259441,0.024532,0.143762,
1.090627,-0.332667,0.070219,-0.013243,0.829816,0.713776,0.181709,-0.110822,-0.109145,0.199819,0.097206,0.089051,
1.192185,-0.293030,0.134094,-0.069566,0.850434,0.701788,0.159233,-0.056035,-0.107413,0.170297,0.095516,0.081899,
1.074411,-0.168553,0.140131,-0.163189,0.904481,0.717440,0.075044,-0.030147,0.007224,0.049500,0.118694,0.121008,
1.075300,-0.242538,0.194011,-0.154404,0.842672,0.729563,0.082151,-0.028079,0.010795,0.080856,0.095769,0.097518,
1.180913,-0.312684,0.291877,-0.122876,0.782165,0.705854,0.120830,-0.044601,-0.007446,0.163272,0.066635,0.067591,
1.375663,-0.156116,0.310169,-0.167549,0.828698,0.689826,0.224106,-0.097294,-0.041662,0.215449,-0.015761,0.136740,
1.477970,0.054637,0.261562,-0.186791,0.831596,0.655873,0.353311,-0.088602,-0.083674,0.191563,-0.046896,0.203630,
1.457050,0.170017,0.309730,-0.172218,0.788784,0.519810,0.365177,0.001547,-0.022236,0.087530,-0.015564,0.242213,
1.359662,0.385142,0.397259,-0.050622,0.855387,0.421831,0.318912,-0.031664,0.051550,0.081512,0.075641,0.255958,
1.233438,0.542667,0.492026,-0.035079,0.930539,0.385211,0.292407,0.040132,0.015074,0.029780,0.154345,0.220502,
1.228199,0.553773,0.357250,-0.005728,1.016838,0.418258,0.263918,0.014674,0.072019,0.045251,0.146962,0.184349,
1.204806,0.513139,0.375419,0.049360,0.946032,0.419611,0.241343,0.045352,0.063642,0.030864,0.154572,0.161092,
1.168400,0.536100,0.437267,0.093186,0.839514,0.439665,0.210617,0.065566,0.042436,-0.028991,0.228344,0.133569,
1.180506,0.462558,0.534305,0.134359,0.850545,0.415624,0.228791,0.026999,0.100444,-0.004763,0.165879,0.167956,
1.185992,0.476814,0.629854,0.115349,0.872445,0.326714,0.295587,0.024808,0.039343,0.040449,0.132309,0.196940,
1.199143,0.536097,0.692575,0.062157,0.861999,0.298361,0.242859,0.086815,-0.111217,0.097496,0.188826,0.106062,
1.132751,0.571288,0.611134,0.135226,0.827714,0.325116,0.181468,0.008781,0.012236,0.095294,0.197069,0.083010,
1.160605,0.567294,0.546232,0.109292,0.917656,0.362486,0.181536,-0.035828,0.127474,0.042238,0.197677,0.130530,
1.189018,0.500641,0.512611,0.023901,0.936291,0.399907,0.223143,-0.051740,0.114379,0.039401,0.181838,0.210940,
1.165651,0.449576,0.503690,0.050878,0.859861,0.433988,0.259054,-0.088253,0.165655,-0.007407,0.197680,0.260883,
1.199139,0.458848,0.479289,0.011929,0.842254,0.429755,0.265573,0.035640,0.076577,-0.022546,0.197853,0.222317,
1.248822,0.365642,0.635429,0.036266,0.880054,0.454430,0.243570,0.142365,0.024839,0.054627,0.124744,0.189913,
1.192002,0.428853,0.663256,0.041793,0.769506,0.423730,0.306861,0.059463,0.068089,0.020418,0.126137,0.229585,
1.215881,0.452031,0.544804,0.174439,0.648903,0.408825,0.395572,-0.066875,0.129090,-0.004889,0.155990,0.243818,
1.191729,0.471252,0.594339,0.196915,0.715007,0.355039,0.365281,-0.032770,0.124735,-0.014983,0.217528,0.239403,
1.133398,0.508093,0.691310,0.220285,0.783081,0.312932,0.364174,0.050270,0.061837,0.003757,0.233028,0.201854,
1.088336,0.570510,0.718117,0.146773,0.811545,0.361961,0.395633,0.090610,0.054788,-0.024098,0.212716,0.213261,
0.978417,0.518039,0.685138,0.200538,0.814932,0.323942,0.361975,0.136369,0.075485,0.015796,0.164961,0.190873,
0.957754,0.351010,0.676287,0.129489,0.652851,0.336240,0.340896,0.177047,0.047284,0.104080,0.080565,0.165688,
1.113612,0.243064,0.722994,0.034595,0.586496,0.388798,0.354233,0.221203,-0.060786,0.108059,0.066165,0.104790,
1.096754,0.214595,0.810309,-0.039306,0.573223,0.366657,0.361244,0.172801,-0.140936,0.072715,0.152273,0.099044,
1.123695,0.172717,0.870871,0.000205,0.555693,0.280131,0.351544,0.169636,-0.055741,0.107318,0.118352,0.134734,
1.283096,0.135444,0.706977,0.089717,0.630830,0.272119,0.292490,0.126184,0.003227,0.169045,0.073693,0.135393,
1.225681,-0.022242,0.643480,0.018664,0.581384,0.312974,0.234596,0.154348,0.033181,0.091597,0.135295,0.131350,
1.166848,-0.101922,0.625978,-0.014001,0.625955,0.362421,0.258019,0.152614,0.065028,0.116889,0.038280,0.146520,
1.302932,-0.141225,0.654341,-0.042609,0.625709,0.377894,0.243190,0.216737,0.063081,0.142566,0.024218,0.117679,
1.339657,-0.077674,0.658720,0.011662,0.567768,0.272620,0.240531,0.216315,0.074412,0.013625,0.052930,0.205605,
1.353864,-0.091129,0.581871,0.059968,0.553861,0.142608,0.246845,0.184438,0.082584,-0.033430,0.025612,0.264548,
1.353961,-0.171980,0.565296,0.044744,0.485772,0.101996,0.305010,0.093050,0.040992,0.129245,0.059412,0.217294,
1.091747,-0.182052,0.824547,-0.026911,0.446531,0.234982,0.280038,0.030414,-0.017895,0.162637,0.099037,0.132908,
0.324650,-0.399327,1.175362,-0.179889,0.394731,0.276587,0.173218,0.129596,-0.039215,0.175585,-0.002432,-0.026629,
0.065644,-0.455317,1.246346,-0.208097,0.381691,0.250770,0.168947,0.159475,-0.084610,0.164055,-0.012450,-0.088708,
-0.239209,-0.203480,1.165005,-0.127160,0.469207,0.227829,0.258173,0.127056,-0.081802,0.194079,0.007165,-0.082544,
-0.561798,-0.141972,1.020177,-0.206533,0.501810,0.344123,0.340695,0.102375,-0.009111,0.049219,-0.011200,0.086051,
-0.631885,-0.207778,1.121069,-0.240183,0.413188,0.356451,0.366740,0.126803,-0.014020,0.044416,0.003780,0.104112,
-0.506947,-0.174629,1.231515,-0.168477,0.342549,0.269577,0.311431,0.226662,0.042738,0.073316,0.026132,0.067845,
-0.442439,-0.110340,1.051494,-0.291669,0.475790,0.261196,0.251569,0.228138,0.031797,0.016792,-0.005197,0.047168,
-0.372317,-0.079985,1.011693,-0.325705,0.550207,0.310614,0.241713,0.160154,0.080504,0.063320,-0.030939,0.065209,
-0.550220,-0.253169,1.190015,-0.115414,0.327555,0.275079,0.279575,0.166744,0.058654,0.035117,0.033280,0.083618,
-0.401375,-0.171183,1.206593,-0.164633,0.117026,0.168396,0.206790,0.238093,-0.024691,0.053903,0.084626,-0.032471,
-0.236276,-0.088545,1.164842,-0.209528,0.210696,0.058842,0.093495,0.117394,-0.100780,0.112556,0.040858,-0.075124,
-0.222391,-0.127996,1.181547,-0.269658,0.217251,-0.100165,0.117915,0.191217,-0.018055,0.136716,0.008125,-0.003050,
-0.260921,-0.173955,1.226587,-0.261833,0.118965,-0.043103,0.189198,0.161365,0.119280,0.139317,-0.046294,0.075565,
-0.382269,-0.303771,1.152277,-0.234439,0.279571,-0.036950,0.086216,0.144970,-0.001535,0.141396,0.019756,0.023381,
-0.444346,-0.325905,1.021976,-0.337109,0.291706,-0.020930,0.093949,0.191907,0.005424,0.134771,0.055489,0.008098,
-0.389567,-0.292980,1.054393,-0.463436,0.208708,0.026632,0.210235,0.233869,0.051853,0.162863,-0.030338,0.008744,
-0.410672,-0.270621,1.070205,-0.405728,0.207124,-0.006875,0.163623,0.252778,0.070812,0.099649,-0.065348,0.056640,
-0.524673,-0.251562,1.056702,-0.392230,0.066417,-0.074210,0.152641,0.213351,-0.012326,0.074872,0.005656,-0.051710,
-0.535103,-0.237095,0.950034,-0.505466,0.021216,-0.026967,0.134603,0.087674,0.077308,0.103718,0.002596,-0.041521,
-0.589302,-0.147951,0.930800,-0.459313,-0.017885,-0.084923,0.201698,0.160123,0.139811,0.087165,0.027678,-0.037254,
-0.645993,-0.142619,0.992065,-0.400843,-0.009005,-0.117310,0.310187,0.237179,0.177193,0.052859,0.060154,0.007388,
-0.539973,-0.150711,1.112873,-0.330473,-0.003669,-0.093844,0.263324,0.171653,0.227546,0.060500,0.010640,0.084269,
-0.536280,-0.208834,1.215777,-0.331649,0.020585,0.042322,0.160534,0.061347,0.208128,0.093445,-0.027010,0.102272,
-0.492999,-0.260306,1.147785,-0.394101,-0.012527,0.163758,0.153637,0.107563,0.147075,0.116260,-0.002972,0.017626,
-0.542567,-0.234942,1.117792,-0.485225,0.117532,0.199425,0.138015,0.063927,0.110998,0.163845,-0.058983,-0.003221,
-0.580914,-0.316251,1.278819,-0.328123,0.088711,0.095270,0.165361,0.117283,0.005644,0.170745,-0.051811,-0.008252,
-0.685975,-0.351993,1.203721,-0.279606,-0.043352,0.063849,0.246965,0.039138,0.114379,0.069597,-0.040246,0.067054,
-0.811488,-0.442273,1.144795,-0.298790,-0.049259,-0.010079,0.268799,0.087191,0.144944,0.028212,-0.052626,0.102366,
-0.725213,-0.501285,1.239511,-0.334222,-0.084853,0.002257,0.239396,0.206182,0.112462,0.063990,-0.004583,0.074595,
-0.547796,-0.534501,1.340149,-0.275146,-0.148929,0.020913,0.283890,0.221162,0.063622,0.089774,0.044124,0.002950,
-0.627644,-0.390691,1.379656,-0.230850,-0.172676,0.046054,0.347183,0.168133,0.095988,0.100014,0.073393,-0.022221,
-0.762522,-0.517095,1.262745,-0.140366,-0.086767,-0.002791,0.397163,0.114310,0.063719,0.083296,0.052279,0.055949,
-0.824006,-0.572301,1.144048,-0.147953,-0.043197,-0.105423,0.425759,0.102738,0.005509,0.148581,0.032963,0.042183,
-0.805613,-0.728077,1.159805,-0.207587,-0.083334,-0.094376,0.390027,0.153100,-0.011408,0.139998,0.003153,0.056320,
-0.711333,-0.755730,1.130897,-0.149104,-0.114413,-0.130035,0.460473,0.213034,0.008490,0.056076,0.011575,0.098246,
-0.672490,-0.499329,1.130186,-0.108910,-0.008151,-0.141500,0.458139,0.220623,0.008133,0.074456,-0.048810,0.110287,
-0.630907,-0.428896,1.168745,-0.195434,-0.032683,-0.091600,0.402487,0.214172,0.112506,0.014378,-0.067602,0.111954,
-0.582131,-0.476617,1.082429,-0.199152,-0.066054,-0.090522,0.351807,0.192465,0.161504,0.000687,-0.114911,0.164248,
-0.605432,-0.556402,1.124689,-0.289823,-0.012814,-0.107902,0.337802,0.251402,0.097030,0.053811,-0.133851,0.133022,
-0.711278,-0.538549,1.110005,-0.326151,0.018672,-0.120079,0.348161,0.276890,0.069211,0.050040,-0.073395,0.031694,
-0.867650,-0.710249,1.091486,-0.386456,-0.107822,-0.090576,0.366540,0.273075,0.051413,0.053650,-0.035837,-0.009034,
-0.901486,-0.756008,1.096816,-0.273927,-0.154192,-0.061606,0.422795,0.210615,0.128142,0.024020,-0.028092,0.075964,
-0.735357,-0.708010,1.221922,-0.095613,-0.077930,0.040656,0.458560,0.121722,0.072430,-0.021897,-0.054006,0.133307,
-0.653830,-0.654154,1.181544,-0.062978,-0.004215,0.040432,0.498940,0.134711,0.046100,-0.009600,-0.083589,0.107741,
-0.741705,-0.627374,1.124969,-0.075309,0.040926,0.099310,0.424723,0.098326,0.033172,-0.022343,-0.006435,0.082848,
-0.867787,-0.651218,1.100074,-0.046048,0.080829,0.032326,0.289791,0.106919,-0.023672,-0.039123,0.050688,0.080126,
-0.875988,-0.583983,1.086857,-0.142476,0.046402,-0.052275,0.247971,0.107713,0.072989,0.049874,-0.030620,0.112682,
-0.722298,-0.382168,1.171047,-0.213327,0.027005,-0.097691,0.305527,0.078365,0.087625,0.101224,-0.050085,0.113215,
-0.779253,-0.413123,1.145621,-0.177155,-0.153643,-0.052405,0.333821,0.077618,0.137038,0.046263,0.042240,0.075870,
-0.779106,-0.580414,1.154950,-0.248508,-0.121924,-0.036447,0.282380,0.175362,0.103739,0.056125,0.027218,0.080217,
-0.745283,-0.552459,1.151613,-0.100290,-0.043035,0.010944,0.341472,0.123506,0.033941,0.000453,-0.014140,0.071650,
-0.649000,-0.434137,1.180286,-0.051485,-0.064497,-0.035364,0.384992,0.204536,0.023014,0.026851,0.035245,0.019118,
-0.535934,-0.429302,1.130507,-0.061757,0.063705,-0.104729,0.383972,0.236605,0.003300,0.058943,0.011033,0.080107,
-0.533285,-0.400606,1.141807,-0.106507,0.109033,-0.051988,0.291392,0.203320,-0.008024,0.029803,0.023100,0.068248,
1.326364,-0.214280,0.636689,0.082245,0.449746,0.060196,0.241301,0.157749,0.134714,0.267711,0.090046,0.136619,
1.338177,-0.192773,0.691650,0.047983,0.415160,0.125488,0.292247,0.235222,0.159079,0.243047,0.055245,0.119287,
1.404707,-0.248580,0.652711,0.083169,0.479900,0.051985,0.240031,0.307699,0.070107,0.238485,0.085931,0.063324,
1.342711,-0.134722,0.567473,0.224881,0.460939,0.044260,0.280091,0.305961,0.120274,0.107128,0.078105,0.133569,
1.335971,-0.039784,0.609354,0.228420,0.517758,0.064632,0.335030,0.262223,0.080102,0.031363,0.001340,0.201288,
1.244150,-0.055536,0.714256,0.198783,0.549416,0.150615,0.301981,0.317983,0.083652,0.054105,-0.020905,0.165697,
1.286546,-0.167091,0.861004,0.096446,0.440510,0.213304,0.304132,0.307152,0.084383,0.091307,0.017463,0.150216,
1.343645,-0.200958,0.901492,0.052084,0.494961,0.218359,0.236980,0.314027,0.100242,0.108869,0.040357,0.168408,
1.240203,-0.133299,0.782781,-0.017710,0.497296,0.234411,0.227158,0.254200,0.153126,0.133954,0.016239,0.155340,
1.289611,-0.076064,0.640625,-0.019201,0.545055,0.270158,0.171996,0.280801,0.170276,0.062811,-0.002532,0.115104,
1.347970,-0.181426,0.743950,-0.041087,0.545885,0.325151,0.188738,0.297082,0.085593,-0.000044,0.012727,0.154750,
1.279776,-0.084297,0.676278,-0.156176,0.432556,0.368835,0.311039,0.182373,0.139317,0.068351,-0.001232,0.194887,
1.270070,0.023763,0.649178,-0.240760,0.321273,0.254335,0.323116,0.175107,0.198205,0.103304,-0.018692,0.166090,
1.282409,-0.031584,0.684186,-0.172220,0.299452,0.138556,0.287202,0.310931,0.222613,0.120230,-0.031852,0.093873,
1.259007,-0.123097,0.658920,-0.054393,0.317626,0.120187,0.223597,0.301915,0.237444,0.107216,-0.022368,0.085383,
1.245526,-0.032984,0.523052,-0.066020,0.353337,0.107655,0.286632,0.334599,0.266370,0.035431,-0.080978,0.096403,
1.361198,-0.008894,0.576363,-0.087909,0.322466,0.116643,0.265870,0.364529,0.152326,0.073458,-0.022756,0.030031,
1.252177,-0.067119,0.646095,-0.083628,0.280987,0.050060,0.284731,0.338464,0.147356,0.146669,-0.025257,0.037565,
1.032057,-0.103600,0.620354,0.058845,0.347450,-0.028083,0.332090,0.338356,0.216607,0.244640,-0.038623,0.039525,
1.119460,-0.142596,0.572063,0.015351,0.300323,-0.058489,0.360643,0.337869,0.123481,0.201579,0.015572,0.033484,
0.971799,-0.367452,0.569075,-0.019958,0.323165,-0.105297,0.194583,0.277155,0.094119,0.128210,0.045657,0.070659,
0.560854,-0.752181,0.658261,0.202305,0.152851,-0.249853,0.098843,0.232212,0.126890,0.086292,0.022058,0.101611,
0.484239,-0.773987,0.563828,0.227779,0.055943,-0.293659,0.112976,0.144974,0.134282,0.097040,0.007543,0.127015,
0.365488,-0.433925,0.709082,0.033778,0.209570,-0.248718,0.059080,0.188755,0.125159,0.080039,0.073047,0.073237,
0.169493,-0.289018,0.800689,-0.033520,0.311630,-0.263947,-0.025099,0.026834,0.112922,0.191193,0.036820,0.012350,
-0.302651,-0.533687,0.718156,0.117289,0.293648,-0.258745,0.215667,0.020542,0.078170,0.143769,-0.170390,0.072511,
-0.585826,-0.722323,0.685362,0.195315,0.450413,-0.153442,0.218301,-0.016856,0.061256,0.139844,-0.151142,0.072923,
-0.643749,-0.855628,0.676391,0.204018,0.544814,-0.072512,0.109326,0.028914,0.076600,0.055200,0.013735,0.045157,
-0.724987,-0.957131,0.658041,0.302570,0.364404,-0.057885,0.076987,0.054900,0.138073,-0.025821,0.028798,0.045584,
-0.761009,-1.168515,0.667532,0.181689,0.395119,-0.041941,0.022313,0.035214,-0.008148,0.051174,-0.033044,0.031921,
-0.839817,-1.214309,0.660543,0.085086,0.591404,-0.047410,-0.004867,0.055430,-0.110030,0.066424,0.040298,0.059737,
-0.915076,-1.239171,0.709414,0.033182,0.591216,0.041746,0.040108,0.028931,-0.113476,0.110401,0.093726,0.072334,
-0.931538,-1.302870,0.624847,0.037637,0.635159,0.077834,0.055317,0.090556,-0.054004,0.103011,0.165879,0.087207,
-0.829077,-1.164510,0.596637,0.162049,0.618016,0.073716,0.092611,0.103871,0.008307,0.062911,0.220023,0.049455,
-0.584059,-0.950007,0.714420,0.178114,0.707808,0.154582,0.084542,0.148755,0.033012,0.037800,0.155942,0.111705,
-0.203355,-0.966301,0.712493,0.145769,0.815582,0.165597,0.199935,0.188160,-0.069341,0.107207,0.120208,0.168429,
0.128238,-0.909304,0.579544,0.167770,0.845070,0.198136,0.258464,0.154548,-0.059229,0.122278,0.139677,0.149664,
0.364802,-0.853333,0.513817,0.213220,0.747685,0.170201,0.342491,0.215007,-0.056105,0.062780,0.085530,0.188628,
0.507933,-0.822218,0.455778,0.142478,0.797633,0.264776,0.341785,0.171201,-0.095736,0.097970,0.132800,0.164806,
0.594508,-0.797737,0.396701,0.019781,0.858677,0.376090,0.338766,0.117834,-0.138302,0.132858,0.193066,0.129364,
0.602336,-0.776605,0.300930,0.080647,0.835088,0.461761,0.308975,0.029288,-0.012760,0.070108,0.200952,0.137542,
0.626235,-0.689296,0.247501,0.001046,0.942931,0.444225,0.291275,0.037539,-0.046556,0.134084,0.151427,0.125260,
0.661504,-0.545136,0.207655,-0.108696,1.004702,0.497673,0.275132,0.001855,-0.072001,0.217392,0.086518,0.128193,
0.559023,-0.413349,0.056002,-0.025762,0.977703,0.501201,0.289424,-0.005483,-0.033721,0.087703,0.209431,0.102258,
0.659951,-0.268970,-0.005601,-0.135726,1.079625,0.491445,0.238468,0.037659,-0.047798,0.107351,0.164445,0.092881,
0.729806,-0.170039,0.035951,-0.176095,1.031437,0.571729,0.197357,0.012302,-0.028114,0.138354,0.095880,0.110052,
0.781036,-0.177076,0.077407,-0.018992,0.822389,0.664063,0.249290,-0.131192,0.054143,0.177825,-0.006802,0.179484,
0.860259,-0.159533,0.038959,0.000256,0.809165,0.667663,0.274010,-0.171515,0.057424,0.165498,0.004965,0.187455,
0.790257,-0.090152,-0.022934,-0.103227,0.919898,0.622188,0.245566,-0.084835,0.002316,0.108606,0.084865,0.158487,
0.807865,-0.099305,-0.009828,-0.188087,0.993468,0.613391,0.201237,-0.002904,-0.096564,0.135656,0.106475,0.107433,
0.953559,-0.146946,0.021924,-0.201939,1.012094,0.614700,0.152100,0.044325,-0.158581,0.167932,0.106775,0.051952,
0.782446,0.034534,-0.128569,-0.166464,1.034109,0.543475,0.212394,0.025850,-0.145060,0.139245,0.104244,0.074088,
0.779056,0.028665,-0.110767,-0.159471,0.965763,0.563400,0.265949,-0.033727,-0.114077,0.106737,0.097164,0.122468,
0.809922,-0.036533,-0.065336,-0.137622,0.876579,0.625948,0.304102,-0.100135,-0.096287,0.108609,0.067515,0.168739,
0.833434,-0.126791,-0.023786,-0.106776,0.805578,0.667197,0.354591,-0.184610,-0.072379,0.121187,0.033056,0.205127,
0.845961,-0.211417,0.038093,-0.121058,0.814156,0.657862,0.381283,-0.229763,-0.063264,0.153079,-0.001936,0.233272,
0.823123,-0.150373,0.025902,-0.128744,0.837997,0.657913,0.357362,-0.219329,-0.065338,0.158718,0.004689,0.240383,
0.834504,-0.121571,0.058041,-0.139763,0.838783,0.713348,0.271209,-0.149097,-0.145091,0.218183,0.015401,0.199311,
0.822067,-0.186879,0.080660,-0.136414,0.841847,0.731623,0.240277,-0.120776,-0.179941,0.245975,0.034645,0.158088,
0.863636,-0.171624,0.073691,-0.131290,0.847369,0.718945,0.245235,-0.123055,-0.182387,0.251430,0.029475,0.159275,
0.844602,-0.054855,-0.069926,-0.101792,0.906542,0.613368,0.299888,-0.131278,-0.117487,0.147005,0.073774,0.197272,
0.802812,-0.118020,-0.043960,-0.044331,0.807200,0.622674,0.378144,-0.209555,-0.062800,0.128069,0.042773,0.223577,
0.961590,-0.115891,0.054720,-0.084772,0.831193,0.659488,0.276673,-0.123670,-0.159699,0.228778,0.006891,0.166638,
0.896596,0.011328,-0.047264,-0.135245,0.886242,0.651847,0.220001,-0.066850,-0.113222,0.100592,0.091794,0.161195,
0.954044,-0.129676,-0.030759,-0.044452,0.754271,0.680442,0.351754,-0.208148,-0.100308,0.177235,0.013670,0.190869,
1.003456,-0.101383,-0.079421,0.025038,0.726206,0.655521,0.460912,-0.351833,-0.066470,0.233289,-0.036171,0.210855,
1.028105,-0.000741,-0.160933,0.018396,0.790881,0.635441,0.428537,-0.348408,-0.024613,0.165753,0.010913,0.223524,
1.169170,-0.090328,-0.163495,0.026935,0.802883,0.640500,0.390855,-0.298041,-0.069976,0.170541,0.055535,0.182818,
1.187950,-0.188478,-0.136374,-0.042047,0.846634,0.636885,0.333022,-0.247186,-0.035970,0.108395,0.085665,0.186391,
1.165526,-0.205901,-0.129521,0.031960,0.761973,0.678307,0.327862,-0.259548,-0.051125,0.135161,0.087303,0.154675,
1.135337,-0.209471,-0.110097,0.096847,0.708594,0.614388,0.473189,-0.372387,-0.059159,0.216726,0.025874,0.148308,
1.163287,-0.228137,-0.093599,0.122090,0.675939,0.558637,0.570289,-0.419142,-0.057607,0.239137,0.007603,0.140619,
1.279237,-0.257421,-0.068299,0.108508,0.635454,0.547000,0.577653,-0.353963,-0.080440,0.241098,0.001130,0.098447,
1.419529,-0.226760,0.043484,-0.017821,0.668826,0.591499,0.458268,-0.214969,-0.116566,0.224433,-0.026692,0.100155,
1.533050,-0.104310,0.160402,-0.176186,0.741458,0.602345,0.355800,-0.054051,-0.148998,0.166471,-0.017610,0.106998,
1.384692,0.203860,0.333697,-0.304333,0.656674,0.464172,0.389440,0.122015,-0.088518,0.063979,-0.008733,0.179149,
1.323804,0.433223,0.530521,-0.274521,0.736739,0.401471,0.256155,0.111092,-0.035425,0.002889,0.166114,0.223770,
1.303387,0.384437,0.653206,-0.139109,0.660844,0.297190,0.274307,0.081124,-0.067591,0.038891,0.195677,0.215584,
1.218478,0.445522,0.566803,-0.050038,0.715115,0.239278,0.328431,0.017450,0.023455,0.070688,0.092459,0.229162,
1.211032,0.441711,0.459540,-0.153963,0.871905,0.335635,0.253234,0.056278,0.048287,0.033269,0.116059,0.219632,
1.202996,0.458881,0.352948,-0.276000,0.984079,0.499972,0.207186,0.075346,0.021295,0.015985,0.162494,0.197108,
1.195919,0.496623,0.384740,-0.311295,0.900060,0.569778,0.223787,0.114451,0.014732,-0.069082,0.173296,0.212268,
1.288845,0.475789,0.524445,-0.288056,0.799330,0.537057,0.237230,0.151647,0.045962,-0.124859,0.127573,0.218880,
1.296717,0.540408,0.535125,-0.260480,0.804853,0.510588,0.221335,0.089892,0.054113,-0.080103,0.138201,0.218457,
1.275983,0.542275,0.665702,-0.302707,0.795158,0.475840,0.219845,0.075521,-0.012558,-0.061760,0.163802,0.255467,
1.313767,0.522674,0.685528,-0.366966,0.836244,0.504395,0.215195,0.109553,-0.025425,-0.066292,0.141174,0.273245,
1.305527,0.500442,0.611612,-0.345278,0.834942,0.491241,0.259509,0.104153,0.007371,-0.092322,0.105431,0.284382,
1.303222,0.488517,0.705219,-0.353004,0.750539,0.474691,0.266864,0.143632,-0.007793,-0.113115,0.098106,0.264913,
1.322082,0.568257,0.730275,-0.390718,0.740020,0.443005,0.259347,0.100288,-0.015372,-0.090459,0.109108,0.292014,
1.363506,0.580953,0.696687,-0.391940,0.796308,0.381894,0.287922,0.119180,-0.054590,-0.050871,0.085202,0.292112,
1.329928,0.514617,0.707863,-0.373718,0.779065,0.369741,0.294024,0.192186,-0.129524,-0.034091,0.130600,0.235510,
1.303415,0.476060,0.656631,-0.292313,0.704051,0.322406,0.314738,0.168962,-0.081142,-0.044089,0.171325,0.238931,
1.308680,0.488784,0.630786,-0.161144,0.691251,0.306742,0.322824,0.161074,-0.019121,-0.102454,0.189535,0.228718,
1.208852,0.569836,0.625809,-0.126422,0.747393,0.346998,0.424095,0.120124,-0.104428,0.011889,0.113471,0.232813,
1.093802,0.619581,0.549990,-0.151181,0.822742,0.404651,0.330839,0.126026,-0.010296,-0.043003,0.203379,0.212373,
1.200120,0.563288,0.524082,-0.126210,0.858029,0.363465,0.270048,0.182678,0.037326,-0.026394,0.189764,0.174588,
1.323199,0.518002,0.677622,-0.060693,0.910114,0.366332,0.263605,0.171033,-0.031465,0.116683,0.089134,0.165294,
1.167896,0.566007,0.669512,-0.004090,0.902293,0.338482,0.260721,0.138384,-0.033383,0.120746,0.148060,0.154195,
1.046707,0.454381,0.605141,-0.038196,0.758705,0.299498,0.271792,0.120294,-0.007407,0.101721,0.195891,0.164051,
0.917051,0.423960,0.767832,-0.020722,0.841339,0.218202,0.181548,0.137030,-0.021458,0.117300,0.115885,0.094426,
0.926525,0.220938,0.741750,0.015533,0.803563,0.069257,0.114584,0.204340,-0.046825,0.118501,0.089612,0.033718,
1.277932,0.182782,0.877701,0.005406,0.657588,0.204569,0.220305,0.148590,-0.055810,0.171858,0.058390,0.109204,
1.267482,0.069468,0.885628,0.020509,0.598641,0.217340,0.177713,0.109805,0.009873,0.254232,0.007359,0.070412,
1.190183,-0.057372,0.709167,0.067763,0.541637,0.268655,0.246493,0.090786,0.004166,0.108387,-0.020661,0.096573,
1.261359,-0.099394,0.740416,-0.011982,0.491741,0.224238,0.264217,0.104037,-0.066224,0.044213,0.039616,0.152452,
1.039683,-0.584347,0.890902,0.125464,0.392301,0.277547,0.247266,0.041625,-0.061255,0.152857,0.022381,0.114797,
0.890457,-0.701361,0.912836,0.163801,0.292110,0.265507,0.269236,0.023227,0.027729,0.170154,0.017370,0.111015,
0.687210,-0.378800,0.934215,0.077782,0.335107,0.255968,0.320854,0.052806,0.091330,0.151955,0.047450,0.133031,
0.287074,-0.172443,1.018860,-0.022265,0.367442,0.262161,0.346477,0.056232,0.116389,0.190748,-0.011672,0.085028,
0.020344,-0.324793,1.223954,-0.098533,0.320525,0.264843,0.284393,0.139219,0.132681,0.182260,-0.017571,-0.004521,
-0.054621,-0.433456,1.298946,-0.087225,0.265716,0.266424,0.194401,0.250202,0.049918,0.066771,0.036396,-0.048279,
-0.188493,-0.371200,1.274104,-0.029971,0.290556,0.216580,0.178859,0.223498,0.070718,0.039960,0.044525,-0.028388,
-0.239635,-0.373354,1.302869,-0.036124,0.261322,0.213747,0.152571,0.198884,0.103528,0.065998,-0.030609,-0.025133,
-0.372181,-0.412862,1.385377,-0.075598,0.254851,0.191162,0.189250,0.215464,0.065948,0.068541,-0.055790,0.003495,
-0.434684,-0.537852,1.416861,-0.007557,0.269150,0.168853,0.192089,0.128247,0.055658,0.050502,-0.087137,0.091094,
-0.475495,-0.448262,1.183594,-0.144998,0.176216,0.141895,0.273070,0.155966,0.127742,-0.098502,-0.093553,0.110506,
-0.444625,-0.352779,1.218255,-0.364904,0.064667,0.001020,0.338860,0.332849,0.104920,0.035963,-0.081514,-0.038938,
-0.266988,-0.347322,1.140409,-0.334695,0.049068,-0.063633,0.333752,0.408623,0.084420,0.072398,-0.003792,-0.071596,
-0.315262,-0.367582,1.074252,-0.228383,0.064632,-0.134794,0.396892,0.383872,0.018866,0.081650,0.062153,-0.090639,
-0.503672,-0.427304,1.084219,-0.211621,0.216482,-0.052189,0.269715,0.273320,0.029842,0.085323,-0.001405,-0.015641,
-0.469773,-0.470932,1.166758,-0.244895,0.146042,0.046214,0.349594,0.296730,0.037631,0.072684,-0.014918,0.003495,
-0.409121,-0.525961,1.143905,-0.172928,0.195804,0.133474,0.325408,0.251262,0.107367,0.016050,-0.077693,0.072891,
-0.425446,-0.425220,1.119697,-0.208530,0.227374,0.195014,0.235952,0.261705,0.246067,-0.048780,-0.071298,0.098977,
-0.498709,-0.426860,1.137082,-0.215965,0.223483,0.157106,0.136930,0.190148,0.130479,0.011998,0.036739,0.071599,
-0.309926,-0.487720,0.949768,-0.354092,0.156547,0.020812,0.058562,0.178631,0.044912,0.149201,0.123297,-0.028649,
-0.168908,-0.577909,0.911209,-0.366553,0.074692,-0.036204,0.187442,0.249745,0.092946,0.134927,0.003078,0.001559,
-0.192831,-0.588188,0.947888,-0.275451,-0.045673,-0.004096,0.262398,0.166991,0.120303,0.066079,-0.050092,0.052052,
-0.243211,-0.620120,1.034902,-0.285147,-0.000823,0.081284,0.118344,0.180787,0.032525,-0.006397,-0.021837,-0.003165,
-0.300596,-0.614576,1.026889,-0.362723,0.097576,-0.003550,0.004448,0.146822,-0.075439,0.002973,0.016796,-0.064422,
-0.289653,-0.513833,0.975594,-0.484710,-0.024756,-0.137016,0.065288,0.247156,0.056834,0.040491,-0.047179,-0.065683,
-0.368486,-0.503352,0.849352,-0.476022,-0.090551,-0.165788,0.112627,0.320802,0.159683,0.005876,-0.059393,-0.025187,
-0.325261,-0.505564,0.768386,-0.431998,-0.164181,-0.240682,0.093415,0.130845,0.096503,-0.045440,-0.103493,0.008578,
-0.277274,-0.580085,0.809821,-0.354777,-0.194750,-0.281644,0.091286,0.000356,-0.007603,-0.113547,-0.128439,0.053416,
-0.370917,-0.520089,1.007397,-0.315756,-0.170560,-0.252985,0.148152,0.112825,0.036125,-0.074762,-0.066725,0.056885,
-0.424291,-0.467003,1.143965,-0.427084,-0.215221,-0.185057,0.247534,0.236582,0.042910,0.067277,0.027285,-0.035130,
-0.380369,-0.385647,1.088195,-0.378931,-0.198465,-0.276464,0.226956,0.150181,0.047851,0.041971,-0.017137,-0.034988,
-0.222902,-0.415183,0.953956,-0.277687,-0.166791,-0.253524,0.135763,0.060243,0.115579,-0.010644,-0.086402,0.038167,
-0.273196,-0.471894,0.824149,-0.323789,-0.107593,-0.234025,0.176544,0.198701,0.098264,0.003483,-0.036509,0.020693,
-0.249494,-0.551039,0.934916,-0.267796,0.065354,-0.267401,0.161130,0.305380,-0.050560,0.023338,0.050849,0.025681,
-0.192394,-0.557475,0.963826,-0.265104,0.062201,-0.265785,0.080549,0.233555,-0.031294,0.056343,0.069370,0.023951,
-0.122404,-0.645042,0.885290,-0.184672,0.015710,-0.190388,0.040999,0.076384,0.048507,0.059772,0.056547,0.049185,
-0.300315,-0.812870,0.872969,-0.028802,0.120176,-0.080919,0.109305,0.074602,-0.003252,0.020834,0.045577,0.034342,
-0.496651,-0.909010,0.799942,-0.033756,0.038463,-0.072679,0.291387,0.126927,0.035520,0.088057,0.009166,0.089437,
-0.432029,-0.786041,0.886857,-0.084136,-0.184500,-0.178712,0.342440,0.138443,0.112664,0.132551,-0.022297,0.144529,
-0.320807,-0.862828,0.757872,-0.165856,-0.147886,-0.102964,0.266642,0.163060,0.144667,0.176065,-0.042366,0.080380,
-0.298672,-0.894630,0.823728,-0.247613,-0.046957,-0.092323,0.228710,0.254500,0.099114,0.161708,0.022090,-0.014349,
-0.267913,-0.